index,INFERENCE-dataset_to_infer,INFERENCE-output_interp_order,INFERENCE-border,INFERENCE-save_seg_dir,INFERENCE-output_postfix,INFERENCE-inference_iter,INFERENCE-spatial_window_size,CUSTOM-num_classes,CUSTOM-compulsory_labels,CUSTOM-output_prob,CUSTOM-label_normalisation,CUSTOM-name,CUSTOM-inferred,CUSTOM-weight,CUSTOM-min_sampling_ratio,CUSTOM-sampler,CUSTOM-image,CUSTOM-proba_connect,CUSTOM-min_numb_labels,CUSTOM-rand_samples,CUSTOM-label,CUSTOM-softmax,CUSTOM-evaluation_units,PARCELLATION-loader,PARCELLATION-csv_file,PARCELLATION-axcodes,PARCELLATION-filename_contains,PARCELLATION-filename_not_contains,PARCELLATION-interp_order,PARCELLATION-pixdim,PARCELLATION-spatial_window_size,PARCELLATION-path_to_search,CONFIG_FILE-path,T1-loader,T1-csv_file,T1-axcodes,T1-filename_contains,T1-filename_not_contains,T1-interp_order,T1-pixdim,T1-spatial_window_size,T1-path_to_search,T2-loader,T2-csv_file,T2-axcodes,T2-filename_contains,T2-filename_not_contains,T2-interp_order,T2-pixdim,T2-spatial_window_size,T2-path_to_search,SYSTEM-num_threads,SYSTEM-event_handler,SYSTEM-dataset_split_file,SYSTEM-loader,SYSTEM-model_dir,SYSTEM-cuda_devices,SYSTEM-action,SYSTEM-num_gpus,SYSTEM-iteration_generator,NETWORK-keep_prob,NETWORK-foreground_type,NETWORK-volume_padding_size,NETWORK-reg_type,NETWORK-queue_length,NETWORK-decay,NETWORK-activation_function,NETWORK-histogram_ref_file,NETWORK-volume_padding_mode,NETWORK-cutoff,NETWORK-whitening,NETWORK-multimod_foreground_type,NETWORK-batch_size,NETWORK-weight_initializer,NETWORK-window_sampling,NETWORK-name,NETWORK-normalise_foreground_only,NETWORK-bias_initializer,NETWORK-normalisation,NETWORK-norm_type,TRAINING-deformation_sigma,TRAINING-validation_every_n,TRAINING-loss_type,TRAINING-max_checkpoints,TRAINING-starting_iter,TRAINING-proportion_to_deform,TRAINING-do_elastic_deformation,TRAINING-exclude_fraction_for_validation,TRAINING-sample_per_volume,TRAINING-scaling_percentage,TRAINING-max_iter,TRAINING-save_every_n,TRAINING-rotation_angle_z,TRAINING-validation_max_iter,TRAINING-random_flipping_axes,TRAINING-lr,TRAINING-optimiser,TRAINING-num_ctrl_points,TRAINING-exclude_fraction_for_inference,TRAINING-rotation_angle_x,TRAINING-rotation_angle_y,TRAINING-tensorboard_every_n,TRAINING-rotation_angle,EVALUATION-evaluations,EVALUATION-save_csv_dir,Data-path,Data-validation,Data-inference
0.0,,2.0,"(44, 44, 44)",inference,_niftynet_out,-1.0,"(100, 100, 100)",4.0,"(0, 1)",0,1,net_segment,(),(),0.0,(),"('T1', 'T2')",1,1.0,0.0,"('parcellation',)",1,foreground,None,,"('A', 'R', 'S')",None,(),0.0,"(1.0, 1.0, 1.0)","(12, 12, 12)",,/nas/longleaf/home/siyangj/myNIRAL/09270501.ini,None,,"('A', 'R', 'S')",None,(),3.0,"(1.0, 1.0, 1.0)","(100, 100, 100)",,None,,"('A', 'R', 'S')",None,(),3.0,"(1.0, 1.0, 1.0)","(100, 100, 100)",,4.0,"('model_saver', 'model_restorer', 'sampler_threading', 'apply_gradients', 'output_interpreter', 'console_logger', 'tensorboard_logger')",data_split,SimpleITK,/proj/NIRAL/users/siyangj/model_09270501,"""""",training,4.0,iteration_generator,1.0,otsu_plus,"(44, 44, 44)",L2,32.0,5e-05,relu,hist_ref.txt,minimum,"(0.01, 0.99)",1,and,2.0,he_normal,uniform,my_nets.unet88.unet88,1,zeros,1,percentile,3.0,20.0,CrossEntropy,10000.0,-1.0,0.7,1,0.1,300.0,(),70000.0,50.0,(),1.0,"(0, 1, 2)",0.0001,adam,8.0,0.1,(),(),20.0,"(-10.0, 10.0)","Dice,Jaccard,hausdorff95_distance",eval,,,
0.0,,2.0,"(96, 96, 96)",/proj/NIRAL/users/siyangj/unet_09120957,_niftynet_out,100.0,"(80, 80, 80)",4.0,"(0, 1)",False,True,net_segment,(),(),0.0,(),"('T1', 'T2')",True,1.0,0.0,"('parcellation',)",True,foreground,None,,"('A', 'R', 'S')",(),(),0.0,"(1.0, 1.0, 1.0)","(80, 80, 80)",/proj/NIRAL/users/siyangj/myData/normal/seg,/nas/longleaf/home/siyangj/myNIRAL/09112128train.ini,None,,"('A', 'R', 'S')",(),(),2.0,"(1.0, 1.0, 1.0)","(80, 80, 80)",/proj/NIRAL/users/siyangj/myData/normal/T1,None,,"('A', 'R', 'S')",(),(),2.0,"(1.0, 1.0, 1.0)","(80, 80, 80)",/proj/NIRAL/users/siyangj/myData/normal/T2,4.0,"('model_saver', 'model_restorer', 'sampler_threading', 'apply_gradients', 'output_interpreter', 'console_logger', 'tensorboard_logger')",data_split,SimpleITK,/proj/NIRAL/users/siyangj/model_09112128,"""""",training,4.0,iteration_generator,1.0,otsu_plus,"(16, 16, 16)",L2,5.0,0.0,relu,hist_ref.txt,minimum,"(0.01, 0.99)",True,and,2.0,he_normal,uniform,my_nets.my_unet.my_UNet3D,True,zeros,True,percentile,5.0,20.0,Dice,10000.0,-1.0,0.7,True,0.1,32.0,(),100000.0,20.0,(),1.0,"(0, 1)",0.001,adam,12.0,0.1,(),(),20.0,"(-10.0, 10.0)",0,0,normal,6.0,3.0
0.0,,2.0,"(16, 16, 16)",/proj/NIRAL/users/siyangj/unet_09162330,_niftynet_out,100.0,"(80, 80, 80)",4.0,"(0, 1)",False,True,net_segment,(),(),0.0,(),"('T1', 'T2')",True,1.0,0.0,"('parcellation',)",True,foreground,None,,"('A', 'R', 'S')",(),(),0.0,"(1.0, 1.0, 1.0)","(80, 80, 80)",/proj/NIRAL/users/siyangj/myData/normal/seg,/nas/longleaf/home/siyangj/myNIRAL/09162330.ini,None,,"('A', 'R', 'S')",(),(),2.0,"(1.0, 1.0, 1.0)","(80, 80, 80)",/proj/NIRAL/users/siyangj/myData/normal/T1,None,,"('A', 'R', 'S')",(),(),2.0,"(1.0, 1.0, 1.0)","(80, 80, 80)",/proj/NIRAL/users/siyangj/myData/normal/T2,2.0,"('model_saver', 'model_restorer', 'sampler_threading', 'apply_gradients', 'output_interpreter', 'console_logger', 'tensorboard_logger')",data_split,SimpleITK,/proj/NIRAL/users/siyangj/model_09162330,"""""",training,2.0,iteration_generator,1.0,otsu_plus,"(16, 16, 16)",L2,5.0,0.0,relu,hist_ref.txt,minimum,"(0.01, 0.99)",True,and,2.0,he_normal,uniform,my_nets.my_unet.my_UNet3D,True,zeros,True,percentile,5.0,20.0,Dice,10000.0,-1.0,0.8,True,0.0,32.0,(),100000.0,20.0,(),20.0,"(0, 1)",0.07,adam,12.0,0.0,(),(),20.0,"(-10.0, 10.0)","Dice,Jaccard,hausdorff95_distance",eval.csv,normal,7.0,8.0
0.0,,2.0,"(16, 16, 16)",/proj/NIRAL/users/siyangj/unet_09170950,_niftynet_out,100.0,"(104, 104, 104)",4.0,"(0, 1)",False,True,net_segment,(),(),0.0,(),"('T1', 'T2')",True,1.0,0.0,"('parcellation',)",True,foreground,None,,"('A', 'R', 'S')",(),(),0.0,"(1.0, 1.0, 1.0)","(16, 16, 16)",/proj/NIRAL/users/siyangj/myData/normal/seg,/nas/longleaf/home/siyangj/myNIRAL/09170950.ini,None,,"('A', 'R', 'S')",(),(),2.0,"(1.0, 1.0, 1.0)","(104, 104, 104)",/proj/NIRAL/users/siyangj/myData/normal/T1,None,,"('A', 'R', 'S')",(),(),2.0,"(1.0, 1.0, 1.0)","(104, 104, 104)",/proj/NIRAL/users/siyangj/myData/normal/T2,2.0,"('model_saver', 'model_restorer', 'sampler_threading', 'apply_gradients', 'output_interpreter', 'console_logger', 'tensorboard_logger')",data_split,SimpleITK,/proj/NIRAL/users/siyangj/model_09170950,"""""",training,4.0,iteration_generator,1.0,threshold_plus,"(0, 0, 0)",L2,5.0,0.0,relu,hist_ref.txt,minimum,"(0.01, 0.99)",True,and,2.0,he_normal,uniform,unet,True,zeros,True,percentile,5.0,20.0,Dice,10000.0,0.0,0.8,True,0.0,32.0,"(-3.0, 3.0)",5000.0,20.0,(),20.0,"(0, 1)",0.1,adam,12.0,0.0,(),(),20.0,"(-7.0, 7.0)","Dice,Jaccard,hausdorff95_distance",eval.csv,normal,7.0,8.0
0.0,,0.0,"(44, 44, 44)",/proj/NIRAL/users/siyangj/unet_09251353,_niftynet_out,100.0,"(96, 96, 96)",4.0,"(0, 1)",False,True,net_segment,(),(),0.0,(),"('T1', 'T2')",True,1.0,0.0,"('parcellation',)",True,foreground,None,,"('A', 'R', 'S')",(),(),0.0,"(1.0, 1.0, 1.0)","(8, 8, 8)",/proj/NIRAL/users/siyangj/myData/normal/seg,/nas/longleaf/home/siyangj/myNIRAL/09251353.ini,None,,"('A', 'R', 'S')",(),(),3.0,"(1.0, 1.0, 1.0)","(96, 96, 96)",/proj/NIRAL/users/siyangj/myData/normal/T1,None,,"('A', 'R', 'S')",(),(),3.0,"(1.0, 1.0, 1.0)","(96, 96, 96)",/proj/NIRAL/users/siyangj/myData/normal/T2,4.0,"('model_saver', 'model_restorer', 'sampler_threading', 'apply_gradients', 'output_interpreter', 'console_logger', 'tensorboard_logger')",data_split,SimpleITK,/proj/NIRAL/users/siyangj/model_09251353,"""""",training,4.0,iteration_generator,1.0,otsu_plus,"(0, 0, 0)",L2,32.0,5e-05,relu,hist_ref.txt,minimum,"(0.01, 0.99)",True,and,2.0,he_normal,uniform,unet,True,zeros,True,percentile,5.0,20.0,CrossEntropy,10000.0,0.0,0.8,True,0.0,48.0,(),10000.0,50.0,(),20.0,"(0, 1, 2)",0.1,adam,12.0,0.0,(),(),10.0,"(-10.0, 10.0)","Dice,Jaccard,hausdorff_distance",eval,normal,7.0,8.0
0.0,,2.0,"(0, 0, 0)",inference,_niftynet_out,-1.0,"(80, 80, 80)",4.0,"(0, 1)",False,True,net_segment,(),(),0.0,(),"('T1', 'T2')",True,1.0,0.0,"('parcellation',)",True,foreground,None,,"('A', 'R', 'S')",None,(),0.0,"(1.0, 1.0, 1.0)","(80, 80, 80)",,/nas/longleaf/home/siyangj/myNIRAL/09251402.ini,None,,"('A', 'R', 'S')",None,(),3.0,"(1.0, 1.0, 1.0)","(80, 80, 80)",,None,,"('A', 'R', 'S')",None,(),3.0,"(1.0, 1.0, 1.0)","(80, 80, 80)",,4.0,"('model_saver', 'model_restorer', 'sampler_threading', 'apply_gradients', 'output_interpreter', 'console_logger', 'tensorboard_logger')",data_split,SimpleITK,/proj/NIRAL/users/siyangj/model_09251402,"""""",training,4.0,iteration_generator,1.0,otsu_plus,"(0, 0, 0)",L2,32.0,5e-05,relu,hist_ref.txt,minimum,"(0.01, 0.99)",True,and,2.0,he_normal,uniform,my_nets.my_unet.my_UNet3D,True,zeros,True,percentile,3.0,20.0,CrossEntropy,1000.0,-1.0,0.7,True,0.1,64.0,(),100000.0,50.0,(),1.0,"(0, 1, 2)",2.9999999999999997e-05,adam,8.0,0.1,(),(),20.0,"(-10.0, 10.0)","Dice,Jaccard,hausdorff95_distance",eval,normal,7.0,8.0
0.0,,2.0,"(0, 0, 0)",inference,_niftynet_out,100.0,"(80, 80, 80)",4.0,"(0, 1)",False,True,net_segment,(),(),0.0,(),"('T1',)",True,1.0,0.0,"('parcellation',)",True,foreground,None,,"('A', 'R', 'S')",None,(),0.0,"(1.0, 1.0, 1.0)","(80, 80, 80)",,/nas/longleaf/home/siyangj/myNIRAL/09251511.ini,None,,"('A', 'R', 'S')",None,(),3.0,"(1.0, 1.0, 1.0)","(80, 80, 80)",,0,0.0,0,0,0,0.0,0,0,0,4.0,"('model_saver', 'model_restorer', 'sampler_threading', 'apply_gradients', 'output_interpreter', 'console_logger', 'tensorboard_logger')",data_split,SimpleITK,/proj/NIRAL/users/siyangj/model_09251511,"""""",training,4.0,iteration_generator,1.0,otsu_plus,"(0, 0, 0)",L2,32.0,5e-05,relu,hist_ref.txt,minimum,"(0.01, 0.99)",True,and,2.0,he_normal,uniform,my_nets.my_unet.my_UNet3D,True,zeros,True,percentile,3.0,20.0,CrossEntropy,1000.0,0.0,0.7,True,0.1,64.0,(),10000.0,50.0,(),1.0,"(0, 1)",0.001,adam,8.0,0.1,(),(),20.0,"(-10.0, 10.0)","Dice,Jaccard,hausdorff95_distance",eval,normal,7.0,8.0
0.0,,2.0,"(44, 44, 44)",inference,_niftynet_out,100.0,"(96, 96, 96)",4.0,"(0, 1)",False,True,net_segment,(),(),0.0,(),"('T1',)",True,1.0,0.0,"('parcellation',)",True,foreground,None,,"('A', 'R', 'S')",None,(),0.0,"(1.0, 1.0, 1.0)","(8, 8, 8)",,/nas/longleaf/home/siyangj/myNIRAL/09251515.ini,None,,"('A', 'R', 'S')",None,(),3.0,"(1.0, 1.0, 1.0)","(96, 96, 96)",,0,0.0,0,0,0,0.0,0,0,0,4.0,"('model_saver', 'model_restorer', 'sampler_threading', 'apply_gradients', 'output_interpreter', 'console_logger', 'tensorboard_logger')",data_split,SimpleITK,/proj/NIRAL/users/siyangj/model_09251515,"""""",training,4.0,iteration_generator,1.0,otsu_plus,"(0, 0, 0)",L2,32.0,5e-05,relu,hist_ref.txt,minimum,"(0.01, 0.99)",True,and,2.0,he_normal,uniform,unet,True,zeros,True,percentile,3.0,20.0,CrossEntropy,1000.0,0.0,0.7,True,0.1,64.0,(),10000.0,50.0,(),100.0,"(0, 1)",0.001,adam,8.0,0.1,(),(),20.0,"(-10.0, 10.0)","Dice,Jaccard,hausdorff95_distance",eval,normal,7.0,8.0
0.0,,0.0,"(0, 0, 0)",inference,_niftynet_out,-1.0,"(80, 80, 80)",4.0,"(0, 1)",False,True,net_segment,(),(),0.0,(),"('T2',)",True,1.0,0.0,"('parcellation',)",True,foreground,None,,"('A', 'R', 'S')",None,(),0.0,"(1.0, 1.0, 1.0)","(80, 80, 80)",,/nas/longleaf/home/siyangj/myNIRAL/09261931.ini,0,0.0,0,0,0,0.0,0,0,0,None,,"('A', 'R', 'S')",None,(),3.0,"(1.0, 1.0, 1.0)","(80, 80, 80)",,4.0,"('model_saver', 'model_restorer', 'sampler_threading', 'apply_gradients', 'output_interpreter', 'console_logger', 'tensorboard_logger')",data_split,SimpleITK,/proj/NIRAL/users/siyangj/model_09261931,"""""",training,4.0,iteration_generator,1.0,otsu_plus,"(0, 0, 0)",L2,32.0,5e-05,relu,hist_ref.txt,minimum,"(0.01, 0.99)",True,and,2.0,he_normal,uniform,my_nets.my_unet.my_UNet3D,True,zeros,True,percentile,3.0,20.0,CrossEntropy,1000.0,-1.0,0.7,True,0.1,64.0,(),50000.0,50.0,(),1.0,"(0, 1, 2)",1e-05,adam,8.0,0.1,(),(),20.0,"(-10.0, 10.0)","Dice,Jaccard,hausdorff95_distance",eval,normal,7.0,8.0
0.0,,0.0,"(44, 44, 44)",inference,_niftynet_out,-1.0,"(96, 96, 96)",4.0,"(0, 1)",False,True,net_segment,(),(),0.0,(),"('T1', 'T2')",True,1.0,0.0,"('parcellation',)",True,foreground,None,,"('A', 'R', 'S')",(),(),0.0,"(1.0, 1.0, 1.0)","(8, 8, 8)",/proj/NIRAL/users/siyangj/myData/minimal/seg,/nas/longleaf/home/siyangj/myNIRAL/09262240.ini,None,,"('A', 'R', 'S')",(),(),3.0,"(1.0, 1.0, 1.0)","(96, 96, 96)",/proj/NIRAL/users/siyangj/myData/minimal/T1,None,,"('A', 'R', 'S')",(),(),3.0,"(1.0, 1.0, 1.0)","(96, 96, 96)",/proj/NIRAL/users/siyangj/myData/minimal/T2,4.0,"('model_saver', 'model_restorer', 'sampler_threading', 'apply_gradients', 'output_interpreter', 'console_logger', 'tensorboard_logger')",data_split,SimpleITK,/proj/NIRAL/users/siyangj/model_09262240,"""""",training,4.0,iteration_generator,1.0,otsu_plus,"(44, 44, 44)",L2,32.0,5e-05,relu,hist_ref.txt,minimum,"(0.01, 0.99)",True,and,2.0,he_normal,uniform,unet,True,zeros,True,percentile,3.0,20.0,CrossEntropy,10000.0,-1.0,0.8,True,0.125,300.0,(),50000.0,50.0,(),20.0,"(0, 1, 2)",0.0001,adam,8.0,0.125,(),(),10.0,"(-10.0, 10.0)","Dice,Jaccard,hausdorff_distance",eval,minimal,1.0,4.0
0.0,,0.0,"(44, 44, 44)",inference,_niftynet_out,-1.0,"(96, 96, 96)",4.0,"(0, 1)",False,True,net_segment,(),(),0.0,(),"('T2',)",True,1.0,0.0,"('parcellation',)",True,foreground,None,,"('A', 'R', 'S')",None,(),0.0,"(1.0, 1.0, 1.0)","(8, 8, 8)",,/nas/longleaf/home/siyangj/myNIRAL/09262252.ini,0,0.0,0,0,0,0.0,0,0,0,None,,"('A', 'R', 'S')",None,(),3.0,"(1.0, 1.0, 1.0)","(96, 96, 96)",,4.0,"('model_saver', 'model_restorer', 'sampler_threading', 'apply_gradients', 'output_interpreter', 'console_logger', 'tensorboard_logger')",data_split,SimpleITK,/proj/NIRAL/users/siyangj/model_09262252,"""""",training,4.0,iteration_generator,1.0,otsu_plus,"(44, 44, 44)",L2,32.0,5e-05,relu,hist_ref.txt,minimum,"(0.01, 0.99)",True,and,2.0,he_normal,uniform,unet,True,zeros,True,percentile,3.0,20.0,CrossEntropy,10000.0,-1.0,0.8,True,0.0,300.0,(),50000.0,50.0,(),20.0,"(0, 1, 2)",0.0001,adam,8.0,0.0,(),(),10.0,"(-10.0, 10.0)","Dice,Jaccard,hausdorff_distance",eval,minimal,1.0,4.0
0.0,,0.0,"(0, 0, 0)",inference,_niftynet_out,-1.0,"(80, 80, 80)",4.0,"(0, 1)",False,True,net_segment,(),(),0.0,(),"('T2',)",True,1.0,0.0,"('parcellation',)",True,foreground,None,,"('A', 'R', 'S')",None,(),0.0,"(1.0, 1.0, 1.0)","(80, 80, 80)",,/nas/longleaf/home/siyangj/myNIRAL/09270053.ini,0,0.0,0,0,0,0.0,0,0,0,None,,"('A', 'R', 'S')",None,(),3.0,"(1.0, 1.0, 1.0)","(80, 80, 80)",,4.0,"('model_saver', 'model_restorer', 'sampler_threading', 'apply_gradients', 'output_interpreter', 'console_logger', 'tensorboard_logger')",data_split,SimpleITK,/proj/NIRAL/users/siyangj/model_09270053,"""""",training,4.0,iteration_generator,1.0,otsu_plus,"(0, 0, 0)",L2,32.0,5e-05,relu,hist_ref.txt,minimum,"(0.01, 0.99)",True,and,2.0,he_normal,uniform,my_nets.my_unet.my_UNet3D,True,zeros,True,percentile,3.0,20.0,CrossEntropy,10000.0,-1.0,0.7,True,0.0,64.0,(),50000.0,50.0,(),1.0,"(0, 1, 2)",0.0001,adam,8.0,0.0,(),(),20.0,"(-10.0, 10.0)","Dice,Jaccard,hausdorff95_distance",eval,minimal,1.0,4.0
0.0,,2.0,"(0, 0, 0)",inference,_niftynet_out,-1.0,"(80, 80, 80)",4.0,"(0, 1)",False,True,net_segment,(),(),0.0,(),"('T1', 'T2')",True,1.0,0.0,"('parcellation',)",True,foreground,None,,"('A', 'R', 'S')",None,(),0.0,"(1.0, 1.0, 1.0)","(80, 80, 80)",,/nas/longleaf/home/siyangj/myNIRAL/09270100.ini,None,,"('A', 'R', 'S')",None,(),3.0,"(1.0, 1.0, 1.0)","(80, 80, 80)",,None,,"('A', 'R', 'S')",None,(),3.0,"(1.0, 1.0, 1.0)","(80, 80, 80)",,4.0,"('model_saver', 'model_restorer', 'sampler_threading', 'apply_gradients', 'output_interpreter', 'console_logger', 'tensorboard_logger')",data_split,SimpleITK,/proj/NIRAL/users/siyangj/model_09270100,"""""",training,4.0,iteration_generator,1.0,otsu_plus,"(0, 0, 0)",L2,32.0,5e-05,relu,hist_ref.txt,minimum,"(0.01, 0.99)",True,and,2.0,he_normal,uniform,my_nets.my_unet.my_UNet3D,True,zeros,True,percentile,3.0,20.0,CrossEntropy,10000.0,-1.0,0.7,True,0.1,64.0,(),50000.0,50.0,(),1.0,"(0, 1, 2)",0.0001,adam,8.0,0.1,(),(),20.0,"(-10.0, 10.0)","Dice,Jaccard,hausdorff95_distance",eval,minimal,1.0,4.0
0.0,,0.0,"(44, 44, 44)",inference,_niftynet_out,-1.0,"(96, 96, 96)",4.0,"(0, 1)",False,True,net_segment,(),(),0.0,(),"('T1', 'T2')",True,1.0,0.0,"('parcellation',)",True,foreground,None,,"('A', 'R', 'S')",None,(),0.0,"(1.0, 1.0, 1.0)","(8, 8, 8)",,/nas/longleaf/home/siyangj/myNIRAL/09270146.ini,None,,"('A', 'R', 'S')",None,(),3.0,"(1.0, 1.0, 1.0)","(96, 96, 96)",,None,,"('A', 'R', 'S')",None,(),3.0,"(1.0, 1.0, 1.0)","(96, 96, 96)",,4.0,"('model_saver', 'model_restorer', 'sampler_threading', 'apply_gradients', 'output_interpreter', 'console_logger', 'tensorboard_logger')",data_split,SimpleITK,/proj/NIRAL/users/siyangj/model_09270146,"""""",training,4.0,iteration_generator,1.0,otsu_plus,"(44, 44, 44)",L2,32.0,5e-05,relu,hist_ref.txt,minimum,"(0.01, 0.99)",True,and,2.0,he_normal,uniform,unet,True,zeros,True,percentile,3.0,20.0,CrossEntropy,10000.0,-1.0,0.8,True,0.125,300.0,(),50000.0,50.0,(),20.0,"(0, 1, 2)",0.0001,adam,8.0,0.125,(),(),10.0,"(-10.0, 10.0)","Dice,Jaccard,hausdorff_distance",eval,minimal,1.0,4.0
0.0,,0.0,"(44, 44, 44)",inference,_niftynet_out,-1.0,"(96, 96, 96)",4.0,"(0, 1)",False,True,net_segment,(),(),0.0,(),"('T2',)",True,1.0,0.0,"('parcellation',)",True,foreground,None,,"('A', 'R', 'S')",None,(),0.0,"(1.0, 1.0, 1.0)","(8, 8, 8)",,/nas/longleaf/home/siyangj/myNIRAL/09270253.ini,0,0.0,0,0,0,0.0,0,0,0,None,,"('A', 'R', 'S')",None,(),3.0,"(1.0, 1.0, 1.0)","(96, 96, 96)",,4.0,"('model_saver', 'model_restorer', 'sampler_threading', 'apply_gradients', 'output_interpreter', 'console_logger', 'tensorboard_logger')",data_split,SimpleITK,/proj/NIRAL/users/siyangj/model_09270253,"""""",training,4.0,iteration_generator,1.0,otsu_plus,"(44, 44, 44)",L2,32.0,5e-05,relu,hist_ref.txt,minimum,"(0.01, 0.99)",True,and,2.0,he_normal,uniform,unet,True,zeros,True,percentile,3.0,20.0,CrossEntropy,10000.0,-1.0,0.8,True,0.125,300.0,(),50000.0,50.0,(),20.0,"(0, 1, 2)",0.0001,adam,8.0,0.125,(),(),10.0,"(-10.0, 10.0)","Dice,Jaccard,hausdorff_distance",eval,minimal,1.0,4.0
0.0,,2.0,"(0, 0, 0)",inference,_niftynet_out,-1.0,"(112, 96, 96)",4.0,"(0, 1)",False,True,net_segment,(),(),0.0,(),"('T1', 'T2')",True,1.0,0.0,"('parcellation',)",True,foreground,None,,"('A', 'R', 'S')",None,(),0.0,"(1.0, 1.0, 1.0)","(112, 96, 96)",/proj/NIRAL/users/siyangj/myData/min_normal/seg,/nas/longleaf/home/siyangj/myNIRAL/09270330.ini,None,,"('A', 'R', 'S')",None,(),3.0,"(1.0, 1.0, 1.0)","(112, 96, 96)",/proj/NIRAL/users/siyangj/myData/min_normal/T1,None,,"('A', 'R', 'S')",None,(),3.0,"(1.0, 1.0, 1.0)","(112, 96, 96)",/proj/NIRAL/users/siyangj/myData/min_normal/T2,4.0,"('model_saver', 'model_restorer', 'sampler_threading', 'apply_gradients', 'output_interpreter', 'console_logger', 'tensorboard_logger')",data_split,SimpleITK,/proj/NIRAL/users/siyangj/model_09270330,"""""",training,4.0,iteration_generator,1.0,otsu_plus,"(0, 0, 0)",L2,32.0,5e-05,relu,hist_ref.txt,minimum,"(0.01, 0.99)",True,and,2.0,he_normal,uniform,my_nets.my_unet.my_UNet3D,True,zeros,True,percentile,4.0,20.0,CrossEntropy,10000.0,-1.0,0.8,True,0.1,64.0,(),200000.0,500.0,(),1.0,"(0, 1, 2)",1e-05,adam,8.0,0.1,(),(),20.0,"(-10.0, 10.0)","Dice,Jaccard,hausdorff95_distance",eval,min_normal,6.0,4.0
0.0,,2.0,"(0, 0, 0)",inference,_niftynet_out,-1.0,"(120, 104, 104)",4.0,"(0, 1)",False,True,net_segment,(),(),0.0,(),"('T1', 'T2')",True,1.0,0.0,"('parcellation',)",True,foreground,None,,"('A', 'R', 'S')",None,(),0.0,"(1.0, 1.0, 1.0)","(120, 104, 104)",/proj/NIRAL/users/siyangj/myData/mid_normal/seg,/nas/longleaf/home/siyangj/myNIRAL/09270400.ini,None,,"('A', 'R', 'S')",None,(),3.0,"(1.0, 1.0, 1.0)","(120, 104, 104)",/proj/NIRAL/users/siyangj/myData/mid_normal/T1,None,,"('A', 'R', 'S')",None,(),3.0,"(1.0, 1.0, 1.0)","(120, 104, 104)",/proj/NIRAL/users/siyangj/myData/mid_normal/T2,4.0,"('model_saver', 'model_restorer', 'sampler_threading', 'apply_gradients', 'output_interpreter', 'console_logger', 'tensorboard_logger')",data_split,SimpleITK,/proj/NIRAL/users/siyangj/model_09270400,"""""",training,4.0,iteration_generator,1.0,otsu_plus,"(0, 0, 0)",L2,32.0,5e-05,relu,hist_ref.txt,minimum,"(0.01, 0.99)",True,and,2.0,he_normal,uniform,my_nets.my_unet.my_UNet3D,True,zeros,True,percentile,4.0,20.0,CrossEntropy,1000.0,0.0,0.8,True,0.1,64.0,(),10000.0,50.0,(),1.0,"(0, 1, 2)",0.01,adam,8.0,0.1,(),(),20.0,"(-10.0, 10.0)","Dice,Jaccard,hausdorff95_distance",eval,mid_normal,4.0,3.0
0.0,,2.0,"(0, 0, 0)",inference,_niftynet_out,-1.0,"(80, 80, 80)",4.0,"(0, 1)",False,True,net_segment,(),(),0.0,(),"('T1', 'T2')",True,1.0,0.0,"('parcellation',)",True,foreground,None,,"('A', 'R', 'S')",None,(),0.0,"(1.0, 1.0, 1.0)","(80, 80, 80)",,/nas/longleaf/home/siyangj/myNIRAL/09270426.ini,None,,"('A', 'R', 'S')",None,(),3.0,"(1.0, 1.0, 1.0)","(80, 80, 80)",,None,,"('A', 'R', 'S')",None,(),3.0,"(1.0, 1.0, 1.0)","(80, 80, 80)",,4.0,"('model_saver', 'model_restorer', 'sampler_threading', 'apply_gradients', 'output_interpreter', 'console_logger', 'tensorboard_logger')",data_split,SimpleITK,/proj/NIRAL/users/siyangj/model_09270426,"""""",training,4.0,iteration_generator,1.0,otsu_plus,"(0, 0, 0)",L2,32.0,5e-05,relu,hist_ref.txt,minimum,"(0.01, 0.99)",True,and,2.0,he_normal,uniform,my_nets.my_unet.my_UNet3D,True,zeros,True,percentile,4.0,20.0,CrossEntropy,1000.0,-1.0,0.7,True,0.0,64.0,(),50000.0,50.0,(),1.0,"(0, 1, 2)",0.0001,adam,8.0,0.0,(),(),20.0,"(-10.0, 10.0)","Dice,Jaccard,hausdorff95_distance",eval,normal,1.0,8.0
0.0,,2.0,"(0, 0, 0)",inference,_niftynet_out,-1.0,"(80, 80, 80)",4.0,"(0, 1)",False,True,net_segment,(),(),0.0,(),"('T1', 'T2')",True,1.0,0.0,"('parcellation',)",True,foreground,None,,"('A', 'R', 'S')",None,(),0.0,"(1.0, 1.0, 1.0)","(80, 80, 80)",,/nas/longleaf/home/siyangj/myNIRAL/09270429.ini,None,,"('A', 'R', 'S')",None,(),3.0,"(1.0, 1.0, 1.0)","(80, 80, 80)",,None,,"('A', 'R', 'S')",None,(),3.0,"(1.0, 1.0, 1.0)","(80, 80, 80)",,4.0,"('model_saver', 'model_restorer', 'sampler_threading', 'apply_gradients', 'output_interpreter', 'console_logger', 'tensorboard_logger')",data_split,SimpleITK,/proj/NIRAL/users/siyangj/model_09270429,"""""",training,4.0,iteration_generator,1.0,otsu_plus,"(0, 0, 0)",L2,32.0,5e-05,relu,hist_ref.txt,minimum,"(0.01, 0.99)",True,and,2.0,he_normal,uniform,my_nets.my_unet.my_UNet3D,True,zeros,True,percentile,5.0,20.0,CrossEntropy,100000.0,-1.0,0.7,True,0.0,64.0,(),100000.0,100.0,(),1.0,"(0, 1, 2)",2.9999999999999997e-05,adam,8.0,0.0,(),(),20.0,"(-10.0, 10.0)","Dice,Jaccard,hausdorff95_distance",eval,normal,7.0,6.0
0.0,,2.0,"(50, 50, 50)",inference_test,_niftynet_out,-1.0,"(100, 100, 100)",4.0,"(0, 1)",False,True,net_segment,(),(),0.0,(),"('T1', 'T2')",True,1.0,0.0,"('parcellation',)",True,foreground,None,,"('A', 'R', 'S')",None,(),0.0,"(1.0, 1.0, 1.0)","(12, 12, 12)",,/nas/longleaf/home/siyangj/myNIRAL/09270501_test_inf.ini,None,,"('A', 'R', 'S')",None,(),3.0,"(1.0, 1.0, 1.0)","(100, 100, 100)",,None,,"('A', 'R', 'S')",None,(),3.0,"(1.0, 1.0, 1.0)","(100, 100, 100)",,4.0,"('model_saver', 'model_restorer', 'sampler_threading', 'apply_gradients', 'output_interpreter', 'console_logger', 'tensorboard_logger')",data_split_test,SimpleITK,/proj/NIRAL/users/siyangj/model_09270501,"""""",training,4.0,iteration_generator,1.0,otsu_plus,"(44, 44, 44)",L2,32.0,5e-05,relu,hist_ref.txt,minimum,"(0.01, 0.99)",True,and,2.0,he_normal,uniform,my_nets.unet88.unet88,True,zeros,True,percentile,3.0,20.0,CrossEntropy,10000.0,-1.0,0.7,True,0.1,300.0,(),70000.0,50.0,(),1.0,"(0, 1, 2)",0.0001,adam,8.0,0.1,(),(),20.0,"(-10.0, 10.0)","Dice,Jaccard,hausdorff95_distance",eval,normal,2.0,7.0
0.0,,0.0,"(44, 44, 44)",inference,_niftynet_out,-1.0,"(100, 100, 100)",4.0,"(0, 1)",False,True,net_segment,(),(),0.0,(),"('T1', 'T2')",True,1.0,0.0,"('parcellation',)",True,foreground,None,,"('A', 'R', 'S')",None,(),0.0,"(1.0, 1.0, 1.0)","(12, 12, 12)",,/nas/longleaf/home/siyangj/myNIRAL/09300343.ini,None,,"('A', 'R', 'S')",None,(),3.0,"(1.0, 1.0, 1.0)","(100, 100, 100)",,None,,"('A', 'R', 'S')",None,(),3.0,"(1.0, 1.0, 1.0)","(100, 100, 100)",,3.0,"('model_saver', 'model_restorer', 'sampler_threading', 'apply_gradients', 'output_interpreter', 'console_logger', 'tensorboard_logger')",data_split,SimpleITK,/proj/NIRAL/users/siyangj/model_09300343,"""""",training,3.0,iteration_generator,1.0,otsu_plus,"(44, 44, 44)",L2,32.0,5e-05,relu,hist_ref.txt,minimum,"(0.01, 0.99)",True,and,2.0,he_normal,uniform,my_nets.unet88.unet88,True,zeros,True,percentile,3.0,20.0,CrossEntropy,10000.0,0.0,0.7,True,0.1,300.0,"(-5.0, 5.0)",20000.0,100.0,(),10.0,"(0, 1, 2)",0.01,adam,8.0,0.1,(),(),20.0,"(-10.0, 10.0)","Dice,Jaccard,hausdorff95_distance",eval,minimal,6.0,7.0
0.0,,0.0,"(44, 44, 44)",inference,_niftynet_out,-1.0,"(92, 92, 92)",4.0,"(0, 1)",False,True,net_segment,(),(),0.0,(),"('T1', 'T2')",True,1.0,0.0,"('parcellation',)",True,foreground,None,,"('A', 'R', 'S')",None,(),0.0,"(1.0, 1.0, 1.0)","(4, 4, 4)",,/nas/longleaf/home/siyangj/myNIRAL/09300350.ini,None,,"('A', 'R', 'S')",None,(),3.0,"(1.0, 1.0, 1.0)","(92, 92, 92)",,None,,"('A', 'R', 'S')",None,(),3.0,"(1.0, 1.0, 1.0)","(92, 92, 92)",,3.0,"('model_saver', 'model_restorer', 'sampler_threading', 'apply_gradients', 'output_interpreter', 'console_logger', 'tensorboard_logger')",data_split,SimpleITK,/proj/NIRAL/users/siyangj/model_09300350,"""""",training,3.0,iteration_generator,1.0,otsu_plus,"(44, 44, 44)",L2,32.0,5e-05,relu,hist_ref.txt,minimum,"(0.01, 0.99)",True,and,2.0,he_normal,uniform,my_nets.unet88.unet88,True,zeros,True,percentile,3.0,20.0,CrossEntropy,10000.0,0.0,0.7,True,0.1,300.0,"(-5.0, 5.0)",20000.0,100.0,(),10.0,"(0, 1, 2)",0.01,adam,8.0,0.1,(),(),20.0,"(-10.0, 10.0)","Dice,Jaccard,hausdorff95_distance",eval,minimal,6.0,7.0
0.0,,2.0,"(0, 0, 0)",inference,_niftynet_out,-1.0,"(80, 80, 80)",4.0,"(0, 1)",False,True,net_segment,(),(),0.0,(),"('T1', 'T2')",True,1.0,0.0,"('parcellation',)",True,foreground,None,,"('A', 'R', 'S')",None,(),0.0,"(1.0, 1.0, 1.0)","(80, 80, 80)",/proj/NIRAL/users/siyangj/myData/cut_outside/seg,/nas/longleaf/home/siyangj/myNIRAL/10060250.ini,None,,"('A', 'R', 'S')",None,(),3.0,"(1.0, 1.0, 1.0)","(80, 80, 80)",/proj/NIRAL/users/siyangj/myData/cut_outside/T1,None,,"('A', 'R', 'S')",None,(),3.0,"(1.0, 1.0, 1.0)","(80, 80, 80)",/proj/NIRAL/users/siyangj/myData/cut_outside/T2,4.0,"('model_saver', 'model_restorer', 'sampler_threading', 'apply_gradients', 'output_interpreter', 'console_logger', 'tensorboard_logger')",data_split,SimpleITK,/proj/NIRAL/users/siyangj/model_10060250,"""""",training,4.0,iteration_generator,1.0,otsu_plus,"(0, 0, 0)",L2,32.0,5e-05,relu,hist_ref.txt,minimum,"(0.01, 0.99)",True,and,2.0,he_normal,uniform,my_nets.my_unet.my_UNet3D,True,zeros,True,percentile,3.0,20.0,CrossEntropy,1000.0,-1.0,0.7,True,0.1,64.0,"(-3.0, 3.0)",30000.0,500.0,(),1.0,"(0, 1, 2)",0.001,adam,8.0,0.1,(),(),20.0,"(-10.0, 10.0)","Dice,Jaccard,hausdorff95_distance",eval,cut_outside,3.0,1.0
0.0,,2.0,"(0, 0, 0)",inference,_niftynet_out,-1.0,"(80, 80, 80)",4.0,"(0, 1)",False,True,net_segment,(),(),0.0,(),"('T1', 'T2')",True,1.0,0.0,"('parcellation',)",True,foreground,None,,"('A', 'R', 'S')",None,(),0.0,"(1.0, 1.0, 1.0)","(80, 80, 80)",/proj/NIRAL/users/siyangj/myData/fill_outside/seg,/nas/longleaf/home/siyangj/myNIRAL/10060300.ini,None,,"('A', 'R', 'S')",None,(),3.0,"(1.0, 1.0, 1.0)","(80, 80, 80)",/proj/NIRAL/users/siyangj/myData/fill_outside/T1,None,,"('A', 'R', 'S')",None,(),3.0,"(1.0, 1.0, 1.0)","(80, 80, 80)",/proj/NIRAL/users/siyangj/myData/fill_outside/T2,4.0,"('model_saver', 'model_restorer', 'sampler_threading', 'apply_gradients', 'output_interpreter', 'console_logger', 'tensorboard_logger')",data_split,SimpleITK,/proj/NIRAL/users/siyangj/model_10060300,"""""",training,4.0,iteration_generator,1.0,otsu_plus,"(0, 0, 0)",L2,32.0,5e-05,relu,hist_ref.txt,minimum,"(0.01, 0.99)",True,and,2.0,he_normal,uniform,my_nets.my_unet.my_UNet3D,True,zeros,True,percentile,3.0,20.0,CrossEntropy,1000.0,-1.0,0.7,True,0.1,64.0,"(-3.0, 3.0)",30000.0,500.0,(),1.0,"(0, 1, 2)",0.001,adam,8.0,0.1,(),(),20.0,"(-10.0, 10.0)","Dice,Jaccard,hausdorff95_distance",eval,fill_outside,3.0,1.0
0.0,,2.0,"(0, 0, 0)",inference,_niftynet_out,-1.0,"(80, 80, 80)",4.0,"(0, 1)",False,True,net_segment,(),(),0.0,(),"('T1', 'T2')",True,1.0,0.0,"('parcellation',)",True,foreground,None,,"('A', 'R', 'S')",None,(),0.0,"(1.0, 1.0, 1.0)","(80, 80, 80)",,/nas/longleaf/home/siyangj/myNIRAL/10060543.ini,None,,"('A', 'R', 'S')",None,(),3.0,"(1.0, 1.0, 1.0)","(80, 80, 80)",,None,,"('A', 'R', 'S')",None,(),3.0,"(1.0, 1.0, 1.0)","(80, 80, 80)",,4.0,"('model_saver', 'model_restorer', 'sampler_threading', 'apply_gradients', 'output_interpreter', 'console_logger', 'tensorboard_logger')",data_split,SimpleITK,/proj/NIRAL/users/siyangj/model_10060543,"""""",training,4.0,iteration_generator,1.0,otsu_plus,"(0, 0, 0)",L2,32.0,5e-05,relu,hist_ref.txt,minimum,"(0.01, 0.99)",True,and,2.0,he_normal,uniform,my_nets.my_unet.my_UNet3D,True,zeros,True,percentile,3.0,20.0,CrossEntropy,1000.0,0.0,0.7,True,0.1,64.0,"(-3.0, 3.0)",10000.0,500.0,(),1.0,"(0, 1, 2)",0.01,adam,8.0,0.1,(),(),20.0,"(-10.0, 10.0)","Dice,Jaccard,hausdorff95_distance",eval,fill_outside,4.0,1.0
0.0,,2.0,"(0, 0, 0)",inference,_niftynet_out,-1.0,"(80, 80, 80)",4.0,"(0, 1)",False,True,net_segment,(),(),0.0,(),"('T1', 'T2')",True,1.0,0.0,"('parcellation',)",True,foreground,None,,"('A', 'R', 'S')",None,(),0.0,"(1.0, 1.0, 1.0)","(80, 80, 80)",,/nas/longleaf/home/siyangj/myNIRAL/10060548.ini,None,,"('A', 'R', 'S')",None,(),3.0,"(1.0, 1.0, 1.0)","(80, 80, 80)",,None,,"('A', 'R', 'S')",None,(),3.0,"(1.0, 1.0, 1.0)","(80, 80, 80)",,2.0,"('model_saver', 'model_restorer', 'sampler_threading', 'apply_gradients', 'output_interpreter', 'console_logger', 'tensorboard_logger')",data_split,SimpleITK,/proj/NIRAL/users/siyangj/model_10060548,"""""",training,2.0,iteration_generator,1.0,otsu_plus,"(0, 0, 0)",L2,32.0,5e-05,relu,hist_ref.txt,minimum,"(0.01, 0.99)",True,and,2.0,he_normal,uniform,my_nets.my_unet.my_UNet3D,True,zeros,True,percentile,3.0,20.0,CrossEntropy,1000.0,0.0,0.7,True,0.1,64.0,"(-3.0, 3.0)",10000.0,500.0,(),1.0,"(0, 1, 2)",0.01,adam,8.0,0.1,(),(),20.0,"(-10.0, 10.0)","Dice,Jaccard,hausdorff95_distance",eval,fill_outside,5.0,1.0
0.0,,2.0,"(44, 44, 44)",inference,_niftynet_out,-1.0,"(96, 96, 96)",4.0,"(0, 1)",False,True,net_segment,(),(),0.0,(),"('T1', 'T2')",True,1.0,0.0,"('parcellation',)",True,foreground,None,,"('A', 'R', 'S')",None,(),0.0,"(1.0, 1.0, 1.0)","(8, 8, 8)",,/nas/longleaf/home/siyangj/myNIRAL/10060600.ini,None,,"('A', 'R', 'S')",None,(),3.0,"(1.0, 1.0, 1.0)","(96, 96, 96)",,None,,"('A', 'R', 'S')",None,(),3.0,"(1.0, 1.0, 1.0)","(96, 96, 96)",,4.0,"('model_saver', 'model_restorer', 'sampler_threading', 'apply_gradients', 'output_interpreter', 'console_logger', 'tensorboard_logger')",data_split,SimpleITK,/proj/NIRAL/users/siyangj/model_10060600,"""""",training,4.0,iteration_generator,0.9,otsu_plus,"(44, 44, 44)",L2,32.0,5e-05,relu,hist_ref.txt,minimum,"(0.01, 0.99)",True,and,2.0,he_normal,uniform,unet,True,zeros,True,percentile,3.0,20.0,CrossEntropy,1000.0,-1.0,0.7,True,0.1,64.0,"(-3.0, 3.0)",50000.0,500.0,(),1.0,"(0, 1, 2)",0.0001,adam,8.0,0.1,(),(),20.0,"(-10.0, 10.0)","Dice,Jaccard,hausdorff95_distance",eval,fill_outside,3.0,1.0
0.0,,2.0,"(44, 44, 44)",inference,_niftynet_out,-1.0,"(96, 96, 96)",4.0,"(0, 1)",False,True,net_segment,(),(),0.0,(),"('T1', 'T2')",True,1.0,0.0,"('parcellation',)",True,foreground,None,,"('A', 'R', 'S')",None,(),0.0,"(1.0, 1.0, 1.0)","(8, 8, 8)",,/nas/longleaf/home/siyangj/myNIRAL/10060610.ini,None,,"('A', 'R', 'S')",None,(),3.0,"(1.0, 1.0, 1.0)","(96, 96, 96)",,None,,"('A', 'R', 'S')",None,(),3.0,"(1.0, 1.0, 1.0)","(96, 96, 96)",,4.0,"('model_saver', 'model_restorer', 'sampler_threading', 'apply_gradients', 'output_interpreter', 'console_logger', 'tensorboard_logger')",data_split,SimpleITK,/proj/NIRAL/users/siyangj/model_10060610,"""""",training,4.0,iteration_generator,0.9,otsu_plus,"(44, 44, 44)",L2,32.0,5e-05,relu,hist_ref.txt,minimum,"(0.01, 0.99)",True,and,2.0,he_normal,uniform,unet,True,zeros,True,percentile,3.0,20.0,CrossEntropy,1000.0,-1.0,0.7,True,0.1,64.0,"(-3.0, 3.0)",30000.0,500.0,(),1.0,"(0, 1, 2)",0.001,adam,8.0,0.1,(),(),20.0,"(-10.0, 10.0)","Dice,Jaccard,hausdorff95_distance",eval,fill_outside,4.0,1.0
0.0,,2.0,"(0, 0, 0)",inference,_niftynet_out,-1.0,"(80, 80, 80)",4.0,"(0, 1)",False,True,net_segment,(),(),0.0,(),"('T1', 'T2')",True,1.0,0.0,"('parcellation',)",True,foreground,None,,"('A', 'R', 'S')",None,(),0.0,"(1.0, 1.0, 1.0)","(80, 80, 80)",,/nas/longleaf/home/siyangj/myNIRAL/10060615.ini,None,,"('A', 'R', 'S')",None,(),3.0,"(1.0, 1.0, 1.0)","(80, 80, 80)",,None,,"('A', 'R', 'S')",None,(),3.0,"(1.0, 1.0, 1.0)","(80, 80, 80)",,2.0,"('model_saver', 'model_restorer', 'sampler_threading', 'apply_gradients', 'output_interpreter', 'console_logger', 'tensorboard_logger')",data_split,SimpleITK,/proj/NIRAL/users/siyangj/model_10060615,"""""",training,2.0,iteration_generator,0.9,otsu_plus,"(0, 0, 0)",L2,32.0,5e-05,relu,hist_ref.txt,minimum,"(0.01, 0.99)",True,and,2.0,he_normal,uniform,my_nets.my_unet.my_UNet3D,True,zeros,True,percentile,3.0,20.0,CrossEntropy,1000.0,0.0,0.7,True,0.1,64.0,"(-3.0, 3.0)",10000.0,500.0,(),1.0,"(0, 1, 2)",0.01,adam,8.0,0.1,(),(),20.0,"(-10.0, 10.0)","Dice,Jaccard,hausdorff95_distance",eval,cut_outside,3.0,1.0
0.0,,2.0,"(0, 0, 0)",inference,_niftynet_out,-1.0,"(80, 80, 80)",4.0,"(0, 1)",False,True,net_segment,(),(),0.0,(),"('T1', 'T2')",True,1.0,0.0,"('parcellation',)",True,foreground,None,,"('A', 'R', 'S')",None,(),0.0,"(1.0, 1.0, 1.0)","(80, 80, 80)",,/nas/longleaf/home/siyangj/myNIRAL/10060616.ini,None,,"('A', 'R', 'S')",None,(),3.0,"(1.0, 1.0, 1.0)","(80, 80, 80)",,None,,"('A', 'R', 'S')",None,(),3.0,"(1.0, 1.0, 1.0)","(80, 80, 80)",,2.0,"('model_saver', 'model_restorer', 'sampler_threading', 'apply_gradients', 'output_interpreter', 'console_logger', 'tensorboard_logger')",data_split,SimpleITK,/proj/NIRAL/users/siyangj/model_10060616,"""""",training,2.0,iteration_generator,0.9,otsu_plus,"(0, 0, 0)",L2,32.0,5e-05,relu,hist_ref.txt,minimum,"(0.01, 0.99)",True,and,2.0,he_normal,uniform,my_nets.my_unet.my_UNet3D,True,zeros,True,percentile,3.0,20.0,CrossEntropy,1000.0,0.0,0.7,True,0.1,64.0,"(-3.0, 3.0)",10000.0,500.0,(),1.0,"(0, 1, 2)",0.01,adam,8.0,0.1,(),(),20.0,"(-10.0, 10.0)","Dice,Jaccard,hausdorff95_distance",eval,cut_outside,4.0,1.0
0.0,,2.0,"(0, 0, 0)",inference,_niftynet_out,-1.0,"(80, 80, 80)",4.0,"(0, 1)",False,True,net_segment,(),(),0.0,(),"('T1', 'T2')",True,1.0,0.0,"('parcellation',)",True,foreground,None,,"('A', 'R', 'S')",None,(),0.0,"(1.0, 1.0, 1.0)","(80, 80, 80)",,/nas/longleaf/home/siyangj/myNIRAL/10060619.ini,None,,"('A', 'R', 'S')",None,(),3.0,"(1.0, 1.0, 1.0)","(80, 80, 80)",,None,,"('A', 'R', 'S')",None,(),3.0,"(1.0, 1.0, 1.0)","(80, 80, 80)",,2.0,"('model_saver', 'model_restorer', 'sampler_threading', 'apply_gradients', 'output_interpreter', 'console_logger', 'tensorboard_logger')",data_split,SimpleITK,/proj/NIRAL/users/siyangj/model_10060619,"""""",training,2.0,iteration_generator,0.9,otsu_plus,"(0, 0, 0)",L2,32.0,5e-05,relu,hist_ref.txt,minimum,"(0.01, 0.99)",True,and,2.0,he_normal,uniform,my_nets.my_unet.my_UNet3D,True,zeros,True,percentile,3.0,20.0,CrossEntropy,1000.0,0.0,0.7,True,0.1,64.0,"(-3.0, 3.0)",10000.0,500.0,(),1.0,"(0, 1, 2)",0.01,adam,8.0,0.1,(),(),20.0,"(-10.0, 10.0)","Dice,Jaccard,hausdorff95_distance",eval,cut_outside,5.0,1.0
0.0,,2.0,"(0, 0, 0)",inference,_niftynet_out,-1.0,"(80, 80, 80)",4.0,"(0, 1)",False,True,net_segment,(),(),0.0,(),"('T1', 'T2')",True,1.0,0.0,"('parcellation',)",True,foreground,None,,"('A', 'R', 'S')",None,(),0.0,"(1.0, 1.0, 1.0)","(80, 80, 80)",,/nas/longleaf/home/siyangj/myNIRAL/10060630.ini,None,,"('A', 'R', 'S')",None,(),3.0,"(1.0, 1.0, 1.0)","(80, 80, 80)",,None,,"('A', 'R', 'S')",None,(),3.0,"(1.0, 1.0, 1.0)","(80, 80, 80)",,2.0,"('model_saver', 'model_restorer', 'sampler_threading', 'apply_gradients', 'output_interpreter', 'console_logger', 'tensorboard_logger')",data_split,SimpleITK,/proj/NIRAL/users/siyangj/model_10060630,"""""",training,2.0,iteration_generator,0.9,otsu_plus,"(0, 0, 0)",L2,32.0,5e-05,relu,hist_ref.txt,minimum,"(0.01, 0.99)",True,and,2.0,he_normal,uniform,my_nets.my_unet.my_UNet3D,True,zeros,True,percentile,3.0,20.0,CrossEntropy,1000.0,0.0,0.7,True,0.1,64.0,"(-3.0, 3.0)",10000.0,500.0,(),1.0,"(0, 1, 2)",0.01,adam,8.0,0.1,(),(),20.0,"(-10.0, 10.0)","Dice,Jaccard,hausdorff95_distance",eval,fill_outside,3.0,1.0
0.0,,2.0,"(0, 0, 0)",inference,_niftynet_out,-1.0,"(80, 80, 80)",4.0,"(0, 1)",False,True,net_segment,(),(),0.0,(),"('T1', 'T2')",True,1.0,0.0,"('parcellation',)",True,foreground,None,,"('A', 'R', 'S')",None,(),0.0,"(1.0, 1.0, 1.0)","(80, 80, 80)",,/nas/longleaf/home/siyangj/myNIRAL/10060631.ini,None,,"('A', 'R', 'S')",None,(),3.0,"(1.0, 1.0, 1.0)","(80, 80, 80)",,None,,"('A', 'R', 'S')",None,(),3.0,"(1.0, 1.0, 1.0)","(80, 80, 80)",,2.0,"('model_saver', 'model_restorer', 'sampler_threading', 'apply_gradients', 'output_interpreter', 'console_logger', 'tensorboard_logger')",data_split,SimpleITK,/proj/NIRAL/users/siyangj/model_10060631,"""""",training,2.0,iteration_generator,0.8,otsu_plus,"(0, 0, 0)",L2,32.0,5e-05,relu,hist_ref.txt,minimum,"(0.01, 0.99)",True,and,2.0,he_normal,uniform,my_nets.my_unet.my_UNet3D,True,zeros,True,percentile,3.0,20.0,CrossEntropy,1000.0,0.0,0.7,True,0.1,64.0,"(-3.0, 3.0)",10000.0,500.0,(),1.0,"(0, 1, 2)",0.01,adam,8.0,0.1,(),(),20.0,"(-10.0, 10.0)","Dice,Jaccard,hausdorff95_distance",eval,fill_outside,3.0,1.0
0.0,,2.0,"(0, 0, 0)",inference,_niftynet_out,-1.0,"(80, 80, 80)",4.0,"(0, 1)",False,True,net_segment,(),(),0.0,(),"('T1', 'T2')",True,1.0,0.0,"('parcellation',)",True,foreground,None,,"('A', 'R', 'S')",None,(),0.0,"(1.0, 1.0, 1.0)","(80, 80, 80)",,/nas/longleaf/home/siyangj/myNIRAL/10060632.ini,None,,"('A', 'R', 'S')",None,(),3.0,"(1.0, 1.0, 1.0)","(80, 80, 80)",,None,,"('A', 'R', 'S')",None,(),3.0,"(1.0, 1.0, 1.0)","(80, 80, 80)",,2.0,"('model_saver', 'model_restorer', 'sampler_threading', 'apply_gradients', 'output_interpreter', 'console_logger', 'tensorboard_logger')",data_split,SimpleITK,/proj/NIRAL/users/siyangj/model_10060632,"""""",training,2.0,iteration_generator,0.7,otsu_plus,"(0, 0, 0)",L2,32.0,5e-05,relu,hist_ref.txt,minimum,"(0.01, 0.99)",True,and,2.0,he_normal,uniform,my_nets.my_unet.my_UNet3D,True,zeros,True,percentile,3.0,20.0,CrossEntropy,1000.0,0.0,0.7,True,0.1,64.0,"(-3.0, 3.0)",10000.0,500.0,(),1.0,"(0, 1, 2)",0.01,adam,8.0,0.1,(),(),20.0,"(-10.0, 10.0)","Dice,Jaccard,hausdorff95_distance",eval,fill_outside,3.0,1.0
0.0,,2.0,"(44, 44, 44)",inference,_niftynet_out,-1.0,"(96, 96, 96)",4.0,"(0, 1)",False,True,net_segment,(),(),0.0,(),"('T1', 'T2')",True,1.0,0.0,"('parcellation',)",True,foreground,None,,"('A', 'R', 'S')",None,(),0.0,"(1.0, 1.0, 1.0)","(8, 8, 8)",,/nas/longleaf/home/siyangj/myNIRAL/10060613.ini,None,,"('A', 'R', 'S')",None,(),3.0,"(1.0, 1.0, 1.0)","(96, 96, 96)",,None,,"('A', 'R', 'S')",None,(),3.0,"(1.0, 1.0, 1.0)","(96, 96, 96)",,2.0,"('model_saver', 'model_restorer', 'sampler_threading', 'apply_gradients', 'output_interpreter', 'console_logger', 'tensorboard_logger')",data_split,SimpleITK,/proj/NIRAL/users/siyangj/model_10060613,"""""",training,2.0,iteration_generator,0.9,otsu_plus,"(44, 44, 44)",L2,32.0,5e-05,relu,hist_ref.txt,minimum,"(0.01, 0.99)",True,and,2.0,he_normal,uniform,unet,True,zeros,True,percentile,3.0,20.0,CrossEntropy,1000.0,-1.0,0.7,True,0.1,64.0,"(-3.0, 3.0)",10000.0,500.0,(),1.0,"(0, 1, 2)",0.01,adam,8.0,0.1,(),(),20.0,"(-10.0, 10.0)","Dice,Jaccard,hausdorff95_distance",eval,fill_outside,5.0,1.0
0.0,,2.0,"(0, 0, 0)",inference,_niftynet_out,-1.0,"(112, 96, 96)",4.0,"(0, 1)",False,True,net_segment,(),(),0.0,(),"('T1', 'T2')",True,1.0,0.0,"('parcellation',)",True,foreground,None,,"('A', 'R', 'S')",None,(),0.0,"(1.0, 1.0, 1.0)","(112, 96, 96)",/proj/NIRAL/users/siyangj/myData/min_cut_outside/seg,/nas/longleaf/home/siyangj/myNIRAL/09270330_test.ini,None,,"('A', 'R', 'S')",None,(),3.0,"(1.0, 1.0, 1.0)","(112, 96, 96)",/proj/NIRAL/users/siyangj/myData/min_cut_outside/T1,None,,"('A', 'R', 'S')",None,(),3.0,"(1.0, 1.0, 1.0)","(112, 96, 96)",/proj/NIRAL/users/siyangj/myData/min_cut_outside/T2,4.0,"('model_saver', 'model_restorer', 'sampler_threading', 'apply_gradients', 'output_interpreter', 'console_logger', 'tensorboard_logger')",data_split,SimpleITK,/proj/NIRAL/users/siyangj/model_09270330_test,"""""",training,4.0,iteration_generator,1.0,otsu_plus,"(0, 0, 0)",L2,32.0,5e-05,relu,hist_ref.txt,minimum,"(0.01, 0.99)",True,and,2.0,he_normal,uniform,my_nets.my_unet.my_UNet3D,True,zeros,True,percentile,4.0,20.0,CrossEntropy,10000.0,0.0,0.8,True,0.1,64.0,(),200000.0,500.0,(),1.0,"(0, 1, 2)",1e-05,adam,8.0,0.1,(),(),20.0,"(-10.0, 10.0)","Dice,Jaccard,hausdorff95_distance",eval,min_cut_outside,5.0,2.0
0.0,,2.0,"(0, 0, 0)",inference,_niftynet_out,-1.0,"(80, 80, 80)",4.0,"(0, 1)",False,True,net_segment,(),(),0.0,(),"('T1', 'T2')",True,1.0,0.0,"('parcellation',)",True,foreground,None,,"('A', 'R', 'S')",None,(),0.0,"(1.0, 1.0, 1.0)","(80, 80, 80)",,/nas/longleaf/home/siyangj/myNIRAL/10060619_6.ini,None,,"('A', 'R', 'S')",None,(),3.0,"(1.0, 1.0, 1.0)","(80, 80, 80)",,None,,"('A', 'R', 'S')",None,(),3.0,"(1.0, 1.0, 1.0)","(80, 80, 80)",,1.0,"('model_saver', 'model_restorer', 'sampler_threading', 'apply_gradients', 'output_interpreter', 'console_logger', 'tensorboard_logger')",data_split,SimpleITK,/proj/NIRAL/users/siyangj/model_10060619,"""""",training,1.0,iteration_generator,0.9,otsu_plus,"(0, 0, 0)",L2,32.0,5e-05,relu,hist_ref.txt,minimum,"(0.01, 0.99)",True,and,2.0,he_normal,uniform,my_nets.my_unet.my_UNet3D,True,zeros,True,percentile,3.0,20.0,CrossEntropy,1000.0,-1.0,0.7,True,0.1,64.0,"(-3.0, 3.0)",50000.0,500.0,(),1.0,"(0, 1, 2)",0.0001,adam,8.0,0.1,(),(),20.0,"(-10.0, 10.0)","Dice,Jaccard,hausdorff95_distance",eval,cut_outside,5.0,1.0
0.0,,2.0,"(0, 0, 0)",inference,_niftynet_out,-1.0,"(112, 96, 96)",4.0,"(0, 1)",False,True,net_segment,(),(),0.0,(),"('T1', 'T2')",True,1.0,0.0,"('parcellation',)",True,foreground,None,,"('A', 'R', 'S')",None,(),0.0,"(1.0, 1.0, 1.0)","(112, 96, 96)",/proj/NIRAL/users/siyangj/myData/min_cut_outside/seg,/nas/longleaf/home/siyangj/myNIRAL/10112050.ini,None,,"('A', 'R', 'S')",None,(),3.0,"(1.0, 1.0, 1.0)","(112, 96, 96)",/proj/NIRAL/users/siyangj/myData/min_cut_outside/T1,None,,"('A', 'R', 'S')",None,(),3.0,"(1.0, 1.0, 1.0)","(112, 96, 96)",/proj/NIRAL/users/siyangj/myData/min_cut_outside/T2,4.0,"('model_saver', 'model_restorer', 'sampler_threading', 'apply_gradients', 'output_interpreter', 'console_logger', 'tensorboard_logger')",data_split,SimpleITK,/proj/NIRAL/users/siyangj/model_10112050,"""""",training,4.0,iteration_generator,0.8,otsu_plus,"(0, 0, 0)",L2,32.0,5e-05,relu,hist_ref.txt,minimum,"(0.01, 0.99)",True,and,2.0,he_normal,uniform,my_nets.my_unet.my_UNet3D,True,zeros,True,percentile,4.0,20.0,CrossEntropy,10000.0,0.0,0.8,True,0.1,64.0,(),10000.0,100.0,(),1.0,"(0, 1, 2)",0.01,adam,8.0,0.1,(),(),20.0,"(-10.0, 10.0)","Dice,Jaccard,hausdorff95_distance",eval,min_cut_outside,3.0,1.0
0.0,,2.0,"(0, 0, 0)",inference,_niftynet_out,-1.0,"(112, 96, 96)",4.0,"(0, 1)",False,True,net_segment,(),(),0.0,(),"('T1', 'T2')",True,1.0,0.0,"('parcellation',)",True,foreground,None,,"('A', 'R', 'S')",None,(),0.0,"(1.0, 1.0, 1.0)","(112, 96, 96)",,/nas/longleaf/home/siyangj/myNIRAL/10112055.ini,None,,"('A', 'R', 'S')",None,(),3.0,"(1.0, 1.0, 1.0)","(112, 96, 96)",,None,,"('A', 'R', 'S')",None,(),3.0,"(1.0, 1.0, 1.0)","(112, 96, 96)",,2.0,"('model_saver', 'model_restorer', 'sampler_threading', 'apply_gradients', 'output_interpreter', 'console_logger', 'tensorboard_logger')",data_split,SimpleITK,/proj/NIRAL/users/siyangj/model_10112055,"""""",training,2.0,iteration_generator,0.8,otsu_plus,"(0, 0, 0)",L2,32.0,5e-05,relu,hist_ref.txt,minimum,"(0.01, 0.99)",True,and,2.0,he_normal,uniform,my_nets.my_unet.my_UNet3D,True,zeros,True,percentile,4.0,20.0,CrossEntropy,10000.0,0.0,0.8,True,0.1,64.0,(),10000.0,100.0,(),1.0,"(0, 1, 2)",0.01,adam,8.0,0.1,(),(),20.0,"(-10.0, 10.0)","Dice,Jaccard,hausdorff95_distance",eval,min_cut_outside,4.0,1.0
0.0,,2.0,"(0, 0, 0)",inference,_niftynet_out,-1.0,"(112, 96, 96)",4.0,"(0, 1)",False,True,net_segment,(),(),0.0,(),"('T1', 'T2')",True,1.0,0.0,"('parcellation',)",True,foreground,None,,"('A', 'R', 'S')",None,(),0.0,"(1.0, 1.0, 1.0)","(112, 96, 96)",,/nas/longleaf/home/siyangj/myNIRAL/10112056.ini,None,,"('A', 'R', 'S')",None,(),3.0,"(1.0, 1.0, 1.0)","(112, 96, 96)",,None,,"('A', 'R', 'S')",None,(),3.0,"(1.0, 1.0, 1.0)","(112, 96, 96)",,2.0,"('model_saver', 'model_restorer', 'sampler_threading', 'apply_gradients', 'output_interpreter', 'console_logger', 'tensorboard_logger')",data_split,SimpleITK,/proj/NIRAL/users/siyangj/model_10112056,"""""",training,2.0,iteration_generator,0.8,otsu_plus,"(0, 0, 0)",L2,32.0,5e-05,relu,hist_ref.txt,minimum,"(0.01, 0.99)",True,and,2.0,he_normal,uniform,my_nets.my_unet.my_UNet3D,True,zeros,True,percentile,4.0,20.0,CrossEntropy,10000.0,0.0,0.8,True,0.1,64.0,(),10000.0,100.0,(),1.0,"(0, 1, 2)",0.01,adam,8.0,0.1,(),(),20.0,"(-10.0, 10.0)","Dice,Jaccard,hausdorff95_distance",eval,min_cut_outside,3.0,1.0
0.0,,2.0,"(0, 0, 0)",inference,_niftynet_out,-1.0,"(112, 96, 96)",4.0,"(0, 1)",False,True,net_segment,(),(),0.0,(),"('T1', 'T2')",True,1.0,0.0,"('parcellation',)",True,foreground,None,,"('A', 'R', 'S')",None,(),0.0,"(1.0, 1.0, 1.0)","(112, 96, 96)",/proj/NIRAL/users/siyangj/myData/min_cut_outside/seg,/nas/longleaf/home/siyangj/myNIRAL/10112103.ini,None,,"('A', 'R', 'S')",None,(),3.0,"(1.0, 1.0, 1.0)","(112, 96, 96)",/proj/NIRAL/users/siyangj/myData/min_cut_outside/T1,None,,"('A', 'R', 'S')",None,(),3.0,"(1.0, 1.0, 1.0)","(112, 96, 96)",/proj/NIRAL/users/siyangj/myData/min_cut_outside/T2,4.0,"('model_saver', 'model_restorer', 'sampler_threading', 'apply_gradients', 'output_interpreter', 'console_logger', 'tensorboard_logger')",data_split,SimpleITK,/proj/NIRAL/users/siyangj/model_10112103,"""""",training,4.0,iteration_generator,0.8,otsu_plus,"(0, 0, 0)",L2,32.0,5e-05,relu,hist_ref.txt,minimum,"(0.01, 0.99)",True,and,2.0,he_normal,uniform,my_nets.my_unet.my_UNet3D,True,zeros,True,percentile,4.0,20.0,CrossEntropy,10000.0,0.0,0.8,True,0.1,64.0,(),10000.0,100.0,(),1.0,"(0, 1, 2)",0.01,adam,8.0,0.1,(),(),20.0,"(-10.0, 10.0)","Dice,Jaccard,hausdorff95_distance",eval,min_cut_outside,5.0,1.0
0.0,,2.0,"(0, 0, 0)",inference,_niftynet_out,-1.0,"(112, 96, 96)",4.0,"(0, 1)",False,True,net_segment,(),(),0.0,(),"('T1', 'T2')",True,1.0,0.0,"('parcellation',)",True,foreground,None,,"('A', 'R', 'S')",None,(),0.0,"(1.0, 1.0, 1.0)","(112, 96, 96)",/proj/NIRAL/users/siyangj/myData/min_fill_outside/seg,/nas/longleaf/home/siyangj/myNIRAL/10112127.ini,None,,"('A', 'R', 'S')",None,(),3.0,"(1.0, 1.0, 1.0)","(112, 96, 96)",/proj/NIRAL/users/siyangj/myData/min_fill_outside/T1,None,,"('A', 'R', 'S')",None,(),3.0,"(1.0, 1.0, 1.0)","(112, 96, 96)",/proj/NIRAL/users/siyangj/myData/min_fill_outside/T2,4.0,"('model_saver', 'model_restorer', 'sampler_threading', 'apply_gradients', 'output_interpreter', 'console_logger', 'tensorboard_logger')",data_split,SimpleITK,/proj/NIRAL/users/siyangj/model_10112127,"""""",training,4.0,iteration_generator,0.8,otsu_plus,"(0, 0, 0)",L2,32.0,5e-05,relu,hist_ref.txt,minimum,"(0.01, 0.99)",True,and,2.0,he_normal,uniform,my_nets.my_unet.my_UNet3D,True,zeros,True,percentile,4.0,20.0,CrossEntropy,10000.0,0.0,0.8,True,0.1,64.0,(),10000.0,100.0,(),1.0,"(0, 1, 2)",0.01,adam,8.0,0.1,(),(),20.0,"(-10.0, 10.0)","Dice,Jaccard,hausdorff95_distance",eval,min_fill_outside,3.0,1.0
0.0,,2.0,"(0, 0, 0)",inference,_niftynet_out,-1.0,"(112, 96, 96)",4.0,"(0, 1)",False,True,net_segment,(),(),0.0,(),"('T1', 'T2')",True,1.0,0.0,"('parcellation',)",True,foreground,None,,"('A', 'R', 'S')",None,(),0.0,"(1.0, 1.0, 1.0)","(112, 96, 96)",/proj/NIRAL/users/siyangj/myData/min_fill_outside/seg,/nas/longleaf/home/siyangj/myNIRAL/10112130.ini,None,,"('A', 'R', 'S')",None,(),3.0,"(1.0, 1.0, 1.0)","(112, 96, 96)",/proj/NIRAL/users/siyangj/myData/min_fill_outside/T1,None,,"('A', 'R', 'S')",None,(),3.0,"(1.0, 1.0, 1.0)","(112, 96, 96)",/proj/NIRAL/users/siyangj/myData/min_fill_outside/T2,4.0,"('model_saver', 'model_restorer', 'sampler_threading', 'apply_gradients', 'output_interpreter', 'console_logger', 'tensorboard_logger')",data_split,SimpleITK,/proj/NIRAL/users/siyangj/model_10112130,"""""",training,4.0,iteration_generator,0.8,otsu_plus,"(0, 0, 0)",L2,32.0,5e-05,relu,hist_ref.txt,minimum,"(0.01, 0.99)",True,and,2.0,he_normal,uniform,my_nets.my_unet.my_UNet3D,True,zeros,True,percentile,4.0,20.0,CrossEntropy,10000.0,400.0,0.8,True,0.1,64.0,(),10000.0,100.0,(),1.0,"(0, 1, 2)",0.001,adam,8.0,0.1,(),(),20.0,"(-10.0, 10.0)","Dice,Jaccard,hausdorff95_distance",eval,min_fill_outside,5.0,1.0
,all,2.0,"(0, 0, 0)",inference_17000,_niftynet_out,17000.0,"(112, 96, 96)",4.0,"(0, 1)",False,True,net_segment,(),(),0.0,(),"('T1', 'T2')",True,1.0,0.0,"('parcellation',)",True,foreground,None,,"('A', 'R', 'S')",None,(),0.0,"(1.0, 1.0, 1.0)","(112, 96, 96)",/proj/NIRAL/users/siyangj/myData/min_cut_outside/seg,/nas/longleaf/home/siyangj/myNIRAL/10112050_2.ini,None,,"('A', 'R', 'S')",None,(),3.0,"(1.0, 1.0, 1.0)","(112, 96, 96)",/proj/NIRAL/users/siyangj/myData/min_cut_outside/T1,None,,"('A', 'R', 'S')",None,(),3.0,"(1.0, 1.0, 1.0)","(112, 96, 96)",/proj/NIRAL/users/siyangj/myData/min_cut_outside/T2,4.0,"('model_saver', 'model_restorer', 'sampler_threading', 'apply_gradients', 'output_interpreter', 'console_logger', 'tensorboard_logger')",data_split,SimpleITK,/proj/NIRAL/users/siyangj/model_10112050,"""""",training,4.0,iteration_generator,0.8,otsu_plus,"(0, 0, 0)",L2,32.0,5e-05,relu,hist_ref.txt,minimum,"(0.01, 0.99)",True,and,2.0,he_normal,uniform,my_nets.my_unet.my_UNet3D,True,zeros,True,percentile,3.0,20.0,CrossEntropy,10000.0,17000.0,0.7,True,0.1,64.0,(),30000.0,100.0,(),1.0,"(0, 1, 2)",3e-05,adam,6.0,0.1,(),(),20.0,"(-10.0, 10.0)","Dice,Jaccard,hausdorff95_distance",eval,min_cut_outside,3.0,1.0
,all,2.0,"(0, 0, 0)",inference_18100,_niftynet_out,18100.0,"(112, 96, 96)",4.0,"(0, 1)",False,True,net_segment,(),(),0.0,(),"('T1', 'T2')",True,1.0,0.0,"('parcellation',)",True,foreground,None,,"('A', 'R', 'S')",None,(),0.0,"(1.0, 1.0, 1.0)","(112, 96, 96)",,/nas/longleaf/home/siyangj/myNIRAL/10112056_2.ini,None,,"('A', 'R', 'S')",None,(),3.0,"(1.0, 1.0, 1.0)","(112, 96, 96)",,None,,"('A', 'R', 'S')",None,(),3.0,"(1.0, 1.0, 1.0)","(112, 96, 96)",,4.0,"('model_saver', 'model_restorer', 'sampler_threading', 'apply_gradients', 'output_interpreter', 'console_logger', 'tensorboard_logger')",data_split,SimpleITK,/proj/NIRAL/users/siyangj/model_10112056,"""""",training,4.0,iteration_generator,0.8,otsu_plus,"(0, 0, 0)",L2,32.0,5e-05,relu,hist_ref.txt,minimum,"(0.01, 0.99)",True,and,2.0,he_normal,uniform,my_nets.my_unet.my_UNet3D,True,zeros,True,percentile,3.0,20.0,CrossEntropy,10000.0,18100.0,0.8,True,0.1,64.0,(),30000.0,100.0,(),1.0,"(0, 1, 2)",0.0001,adam,6.0,0.1,(),(),20.0,"(-10.0, 10.0)","Dice,Jaccard,hausdorff95_distance",eval,min_cut_outside,3.0,1.0
,all,2.0,"(0, 0, 0)",inference_12300,_niftynet_out,12300.0,"(112, 96, 96)",4.0,"(0, 1)",False,True,net_segment,(),(),0.0,(),"('T1', 'T2')",True,1.0,0.0,"('parcellation',)",True,foreground,None,,"('A', 'R', 'S')",None,(),0.0,"(1.0, 1.0, 1.0)","(112, 96, 96)",/proj/NIRAL/users/siyangj/myData/min_cut_outside/seg,/nas/longleaf/home/siyangj/myNIRAL/10112103_2.ini,None,,"('A', 'R', 'S')",None,(),3.0,"(1.0, 1.0, 1.0)","(112, 96, 96)",/proj/NIRAL/users/siyangj/myData/min_cut_outside/T1,None,,"('A', 'R', 'S')",None,(),3.0,"(1.0, 1.0, 1.0)","(112, 96, 96)",/proj/NIRAL/users/siyangj/myData/min_cut_outside/T2,4.0,"('model_saver', 'model_restorer', 'sampler_threading', 'apply_gradients', 'output_interpreter', 'console_logger', 'tensorboard_logger')",data_split,SimpleITK,/proj/NIRAL/users/siyangj/model_10112103,"""""",training,4.0,iteration_generator,0.8,otsu_plus,"(0, 0, 0)",L2,32.0,5e-05,relu,hist_ref.txt,minimum,"(0.01, 0.99)",True,and,2.0,he_normal,uniform,my_nets.my_unet.my_UNet3D,True,zeros,True,percentile,3.0,20.0,CrossEntropy,10000.0,12300.0,0.8,True,0.1,64.0,(),30000.0,100.0,(),1.0,"(0, 1, 2)",1e-05,adam,6.0,0.1,(),(),20.0,"(-10.0, 10.0)","Dice,Jaccard,hausdorff95_distance",eval,min_cut_outside,5.0,1.0
,all,2.0,"(0, 0, 0)",inference_13500,_niftynet_out,13500.0,"(112, 96, 96)",4.0,"(0, 1)",False,True,net_segment,(),(),0.0,(),"('T1', 'T2')",True,1.0,0.0,"('parcellation',)",True,foreground,None,,"('A', 'R', 'S')",None,(),0.0,"(1.0, 1.0, 1.0)","(112, 96, 96)",/proj/NIRAL/users/siyangj/myData/min_fill_outside/seg,/nas/longleaf/home/siyangj/myNIRAL/10112127_2.ini,None,,"('A', 'R', 'S')",None,(),3.0,"(1.0, 1.0, 1.0)","(112, 96, 96)",/proj/NIRAL/users/siyangj/myData/min_fill_outside/T1,None,,"('A', 'R', 'S')",None,(),3.0,"(1.0, 1.0, 1.0)","(112, 96, 96)",/proj/NIRAL/users/siyangj/myData/min_fill_outside/T2,4.0,"('model_saver', 'model_restorer', 'sampler_threading', 'apply_gradients', 'output_interpreter', 'console_logger', 'tensorboard_logger')",data_split,SimpleITK,/proj/NIRAL/users/siyangj/model_10112127,"""""",training,4.0,iteration_generator,0.8,otsu_plus,"(0, 0, 0)",L2,32.0,5e-05,relu,hist_ref.txt,minimum,"(0.01, 0.99)",True,and,2.0,he_normal,uniform,my_nets.my_unet.my_UNet3D,True,zeros,True,percentile,3.0,20.0,CrossEntropy,10000.0,13500.0,0.8,True,0.1,64.0,(),20000.0,100.0,(),1.0,"(0, 1, 2)",3e-05,adam,6.0,0.1,(),(),20.0,"(-10.0, 10.0)","Dice,Jaccard,hausdorff95_distance",eval,min_fill_outside,3.0,1.0
,all,2.0,"(0, 0, 0)",inference_7200,_niftynet_out,7200.0,"(112, 96, 96)",4.0,"(0, 1)",False,True,net_segment,(),(),0.0,(),"('T1', 'T2')",True,1.0,0.0,"('parcellation',)",True,foreground,None,,"('A', 'R', 'S')",None,(),0.0,"(1.0, 1.0, 1.0)","(112, 96, 96)",/proj/NIRAL/users/siyangj/myData/min_normal/seg_inf_1,/nas/longleaf/home/siyangj/myNIRAL/10192000.ini,None,,"('A', 'R', 'S')",None,(),3.0,"(1.0, 1.0, 1.0)","(112, 96, 96)",/proj/NIRAL/users/siyangj/myData/min_normal/T1,None,,"('A', 'R', 'S')",None,(),3.0,"(1.0, 1.0, 1.0)","(112, 96, 96)",/proj/NIRAL/users/siyangj/myData/min_normal/T2,4.0,"('model_saver', 'model_restorer', 'sampler_threading', 'apply_gradients', 'output_interpreter', 'console_logger', 'tensorboard_logger')",data_split,SimpleITK,/proj/NIRAL/users/siyangj/model_10192000,"""""",training,4.0,iteration_generator,0.8,otsu_plus,"(0, 0, 0)",L2,32.0,5e-05,relu,hist_ref.txt,minimum,"(0.01, 0.99)",True,and,2.0,he_normal,uniform,my_nets.my_unet.my_UNet3D,True,zeros,True,percentile,4.0,20.0,CrossEntropy,10000.0,7200.0,0.8,True,0.1,100.0,(),15000.0,100.0,(),1.0,"(0, 1, 2)",0.001,adam,8.0,0.1,(),(),20.0,"(-10.0, 10.0)","Dice,Jaccard,hausdorff95_distance",eval_7200,min_normal,4.0,1.0
,all,2.0,"(0, 0, 0)",inference_4600,_niftynet_out,4600.0,"(112, 96, 96)",4.0,"(0, 1)",False,True,net_segment,(),(),0.0,(),"('T1', 'T2')",True,1.0,0.0,"('parcellation',)",True,foreground,None,,"('A', 'R', 'S')",None,(),0.0,"(1.0, 1.0, 1.0)","(112, 96, 96)",,/nas/longleaf/home/siyangj/myNIRAL/10192002.ini,None,,"('A', 'R', 'S')",None,(),3.0,"(1.0, 1.0, 1.0)","(112, 96, 96)",,None,,"('A', 'R', 'S')",None,(),3.0,"(1.0, 1.0, 1.0)","(112, 96, 96)",,4.0,"('model_saver', 'model_restorer', 'sampler_threading', 'apply_gradients', 'output_interpreter', 'console_logger', 'tensorboard_logger')",data_split,SimpleITK,/proj/NIRAL/users/siyangj/model_10192002,"""""",training,4.0,iteration_generator,0.8,otsu_plus,"(0, 0, 0)",L2,32.0,5e-05,relu,hist_ref.txt,minimum,"(0.01, 0.99)",True,and,2.0,he_normal,uniform,my_nets.my_unet.my_UNet3D,True,zeros,True,percentile,4.0,20.0,CrossEntropy,10000.0,4600.0,0.8,True,0.1,100.0,(),10000.0,100.0,(),1.0,"(0, 1, 2)",0.0001,adam,8.0,0.1,(),(),20.0,"(-10.0, 10.0)","Dice,Jaccard,hausdorff95_distance",eval_4600,min_normal,3.0,1.0
,all,2.0,"(0, 0, 0)",inference_2900,_niftynet_out,2900.0,"(112, 96, 96)",4.0,"(0, 1)",False,True,net_segment,(),(),0.0,(),"('T1', 'T2')",True,1.0,0.0,"('parcellation',)",True,foreground,None,,"('A', 'R', 'S')",None,(),0.0,"(1.0, 1.0, 1.0)","(112, 96, 96)",,/nas/longleaf/home/siyangj/myNIRAL/10192004.ini,None,,"('A', 'R', 'S')",None,(),3.0,"(1.0, 1.0, 1.0)","(112, 96, 96)",,None,,"('A', 'R', 'S')",None,(),3.0,"(1.0, 1.0, 1.0)","(112, 96, 96)",,4.0,"('model_saver', 'model_restorer', 'sampler_threading', 'apply_gradients', 'output_interpreter', 'console_logger', 'tensorboard_logger')",data_split,SimpleITK,/proj/NIRAL/users/siyangj/model_10192004,"""""",training,4.0,iteration_generator,0.8,otsu_plus,"(0, 0, 0)",L2,32.0,5e-05,relu,hist_ref.txt,minimum,"(0.01, 0.99)",True,and,2.0,he_normal,uniform,my_nets.my_unet.my_UNet3D,True,zeros,True,percentile,4.0,20.0,CrossEntropy,10000.0,2900.0,0.8,True,0.1,100.0,(),10000.0,100.0,(),1.0,"(0, 1, 2)",0.001,adam,8.0,0.1,(),(),20.0,"(-10.0, 10.0)","Dice,Jaccard,hausdorff95_distance",eval_2900,min_normal,3.0,1.0
,all,2.0,"(0, 0, 0)",inference_21900,_niftynet_out,21900.0,"(112, 96, 96)",4.0,"(0, 1)",False,True,net_segment,(),(),0.0,(),"('T1', 'T2')",True,1.0,0.0,"('parcellation',)",True,foreground,None,,"('A', 'R', 'S')",None,(),0.0,"(1.0, 1.0, 1.0)","(112, 96, 96)",,/nas/longleaf/home/siyangj/myNIRAL/10112055_2.ini,None,,"('A', 'R', 'S')",None,(),3.0,"(1.0, 1.0, 1.0)","(112, 96, 96)",,None,,"('A', 'R', 'S')",None,(),3.0,"(1.0, 1.0, 1.0)","(112, 96, 96)",,4.0,"('model_saver', 'model_restorer', 'sampler_threading', 'apply_gradients', 'output_interpreter', 'console_logger', 'tensorboard_logger')",data_split,SimpleITK,/proj/NIRAL/users/siyangj/model_10112055,"""""",training,4.0,iteration_generator,0.8,otsu_plus,"(0, 0, 0)",L2,32.0,5e-05,relu,hist_ref.txt,minimum,"(0.01, 0.99)",True,and,2.0,he_normal,uniform,my_nets.my_unet.my_UNet3D,True,zeros,True,percentile,3.0,20.0,CrossEntropy,10000.0,21900.0,0.8,True,0.1,64.0,(),30000.0,100.0,(),1.0,"(0, 1, 2)",2.9999999999999997e-05,adam,6.0,0.1,(),(),20.0,"(-10.0, 10.0)","Dice,Jaccard,hausdorff95_distance",eval,,4.0,1.0
,all,2.0,"(0, 0, 0)",inference_7700,_niftynet_out,7700.0,"(112, 96, 96)",4.0,"(0, 1)",False,True,net_segment,(),(),0.0,(),"('T1', 'T2')",True,1.0,0.0,"('parcellation',)",True,foreground,None,,"('A', 'R', 'S')",None,(),0.0,"(1.0, 1.0, 1.0)","(112, 96, 96)",,/nas/longleaf/home/siyangj/myNIRAL/10192000_2.ini,None,,"('A', 'R', 'S')",None,(),3.0,"(1.0, 1.0, 1.0)","(112, 96, 96)",,None,,"('A', 'R', 'S')",None,(),3.0,"(1.0, 1.0, 1.0)","(112, 96, 96)",,4.0,"('model_saver', 'model_restorer', 'sampler_threading', 'apply_gradients', 'output_interpreter', 'console_logger', 'tensorboard_logger')",data_split,SimpleITK,/proj/NIRAL/users/siyangj/model_10192000,"""""",training,4.0,iteration_generator,0.8,otsu_plus,"(0, 0, 0)",L2,32.0,5e-05,relu,hist_ref.txt,minimum,"(0.01, 0.99)",True,and,2.0,he_normal,uniform,my_nets.my_unet.my_UNet3D,True,zeros,True,percentile,3.0,20.0,CrossEntropy,10000.0,7700.0,0.6,True,0.1,300.0,(),15000.0,100.0,(),1.0,"(0, 1, 2)",1e-05,adam,6.0,0.1,(),(),20.0,"(-5.0, 5.0)","Dice,Jaccard,hausdorff95_distance",eval_7700,min_normal,4.0,1.0
,all,2.0,"(0, 0, 0)",inference_5700,_niftynet_out,5700.0,"(112, 96, 96)",4.0,"(0, 1)",False,True,net_segment,(),(),0.0,(),"('T1', 'T2')",True,1.0,0.0,"('parcellation',)",True,foreground,None,,"('A', 'R', 'S')",None,(),0.0,"(1.0, 1.0, 1.0)","(112, 96, 96)",,/nas/longleaf/home/siyangj/myNIRAL/10192002_2.ini,None,,"('A', 'R', 'S')",None,(),3.0,"(1.0, 1.0, 1.0)","(112, 96, 96)",,None,,"('A', 'R', 'S')",None,(),3.0,"(1.0, 1.0, 1.0)","(112, 96, 96)",,4.0,"('model_saver', 'model_restorer', 'sampler_threading', 'apply_gradients', 'output_interpreter', 'console_logger', 'tensorboard_logger')",data_split,SimpleITK,/proj/NIRAL/users/siyangj/model_10192002,"""""",training,4.0,iteration_generator,0.8,otsu_plus,"(0, 0, 0)",L2,32.0,5e-05,relu,hist_ref.txt,minimum,"(0.01, 0.99)",True,and,2.0,he_normal,uniform,my_nets.my_unet.my_UNet3D,True,zeros,True,percentile,3.0,20.0,CrossEntropy,10000.0,5700.0,0.6,True,0.1,300.0,(),10000.0,100.0,(),1.0,"(0, 1, 2)",3e-06,adam,6.0,0.1,(),(),20.0,"(-5.0, 5.0)","Dice,Jaccard,hausdorff95_distance",eval_5700,min_normal,3.0,1.0
,all,2.0,"(0, 0, 0)",inference_11100,_niftynet_out,11100.0,"(112, 96, 96)",4.0,"(0, 1)",False,True,net_segment,(),(),0.0,(),"('T1', 'T2')",True,1.0,0.0,"('parcellation',)",True,foreground,None,,"('A', 'R', 'S')",None,(),0.0,"(1.0, 1.0, 1.0)","(112, 96, 96)",,/nas/longleaf/home/siyangj/myNIRAL/10192004_2.ini,None,,"('A', 'R', 'S')",None,(),3.0,"(1.0, 1.0, 1.0)","(112, 96, 96)",,None,,"('A', 'R', 'S')",None,(),3.0,"(1.0, 1.0, 1.0)","(112, 96, 96)",,4.0,"('model_saver', 'model_restorer', 'sampler_threading', 'apply_gradients', 'output_interpreter', 'console_logger', 'tensorboard_logger')",data_split,SimpleITK,/proj/NIRAL/users/siyangj/model_10192004,"""""",training,4.0,iteration_generator,0.8,otsu_plus,"(0, 0, 0)",L2,32.0,5e-05,relu,hist_ref.txt,minimum,"(0.01, 0.99)",True,and,2.0,he_normal,uniform,my_nets.my_unet.my_UNet3D,True,zeros,True,percentile,3.0,20.0,CrossEntropy,10000.0,6600.0,0.6,True,0.1,300.0,(),15000.0,100.0,(),1.0,"(0, 1, 2)",1e-05,adam,6.0,0.1,(),(),20.0,"(-5.0, 5.0)","Dice,Jaccard,hausdorff95_distance",eval_11100,min_normal,3.0,1.0
,all,2.0,"(0, 0, 0)",inference_12000,_niftynet_out,12000.0,"(64, 64, 64)",4.0,"(0, 1)",False,True,net_segment,(),(),0.0,(),"('T1', 'T2')",True,1.0,0.0,"('parcellation',)",True,foreground,None,,"('A', 'R', 'S')",None,(),0.0,"(1.0, 1.0, 1.0)","(64, 64, 64)",,/nas/longleaf/home/siyangj/myNIRAL/10202100.ini,None,,"('A', 'R', 'S')",None,(),3.0,"(1.0, 1.0, 1.0)","(64, 64, 64)",,None,,"('A', 'R', 'S')",None,(),3.0,"(1.0, 1.0, 1.0)","(64, 64, 64)",,4.0,"('model_saver', 'model_restorer', 'sampler_threading', 'apply_gradients', 'output_interpreter', 'console_logger', 'tensorboard_logger')",data_split,SimpleITK,/proj/NIRAL/users/siyangj/model_10202100,"""""",training,4.0,iteration_generator,0.8,otsu_plus,"(0, 0, 0)",L2,32.0,5e-05,relu,hist_ref.txt,minimum,"(0.01, 0.99)",True,and,2.0,he_normal,uniform,my_nets.my_unet.my_UNet3D,True,zeros,True,percentile,4.0,20.0,CrossEntropy,10000.0,12000.0,0.8,True,0.1,300.0,"(-5.0, 5.0)",20000.0,100.0,(),1.0,"(0, 1, 2)",0.0004,adam,12.0,0.1,(),(),20.0,"(-10.0, 10.0)","Dice,Jaccard,hausdorff95_distance",eval_12000,min_normal,4.0,1.0
,all,2.0,"(0, 0, 0)",inference_20000,_niftynet_out,20000.0,"(64, 64, 64)",4.0,"(0, 1)",False,True,net_segment,(),(),0.0,(),"('T1', 'T2')",True,1.0,0.0,"('parcellation',)",True,foreground,None,,"('A', 'R', 'S')",None,(),0.0,"(1.0, 1.0, 1.0)","(64, 64, 64)",,/nas/longleaf/home/siyangj/myNIRAL/10202102.ini,None,,"('A', 'R', 'S')",None,(),3.0,"(1.0, 1.0, 1.0)","(64, 64, 64)",,None,,"('A', 'R', 'S')",None,(),3.0,"(1.0, 1.0, 1.0)","(64, 64, 64)",,4.0,"('model_saver', 'model_restorer', 'sampler_threading', 'apply_gradients', 'output_interpreter', 'console_logger', 'tensorboard_logger')",data_split,SimpleITK,/proj/NIRAL/users/siyangj/model_10202102,"""""",training,4.0,iteration_generator,0.8,otsu_plus,"(0, 0, 0)",L2,32.0,5e-05,relu,hist_ref.txt,minimum,"(0.01, 0.99)",True,and,2.0,he_normal,uniform,my_nets.my_unet.my_UNet3D,True,zeros,True,percentile,4.0,20.0,CrossEntropy,10000.0,20000.0,0.8,True,0.1,300.0,"(-5.0, 5.0)",30000.0,100.0,(),1.0,"(0, 1, 2)",0.0005,adam,8.0,0.1,(),(),20.0,"(-10.0, 10.0)","Dice,Jaccard,hausdorff95_distance",eval_20000,min_normal,3.0,1.0
,all,2.0,"(0, 0, 0)",inference_19600,_niftynet_out,19600.0,"(64, 64, 64)",4.0,"(0, 1)",False,True,net_segment,(),(),0.0,(),"('T1', 'T2')",True,1.0,0.0,"('parcellation',)",True,foreground,None,,"('A', 'R', 'S')",None,(),0.0,"(1.0, 1.0, 1.0)","(64, 64, 64)",,/nas/longleaf/home/siyangj/myNIRAL/10202104.ini,None,,"('A', 'R', 'S')",None,(),3.0,"(1.0, 1.0, 1.0)","(64, 64, 64)",,None,,"('A', 'R', 'S')",None,(),3.0,"(1.0, 1.0, 1.0)","(64, 64, 64)",,4.0,"('model_saver', 'model_restorer', 'sampler_threading', 'apply_gradients', 'output_interpreter', 'console_logger', 'tensorboard_logger')",data_split,SimpleITK,/proj/NIRAL/users/siyangj/model_10202104,"""""",training,4.0,iteration_generator,0.8,otsu_plus,"(0, 0, 0)",L2,32.0,5e-05,relu,hist_ref.txt,minimum,"(0.01, 0.99)",True,and,2.0,he_normal,uniform,my_nets.my_unet.my_UNet3D,True,zeros,True,percentile,4.0,20.0,CrossEntropy,10000.0,19600.0,0.8,True,0.1,300.0,"(-5.0, 5.0)",30000.0,100.0,(),1.0,"(0, 1, 2)",0.0003,adam,8.0,0.1,(),(),20.0,"(-10.0, 10.0)","Dice,Jaccard,hausdorff95_distance",eval_19600,min_normal,3.0,1.0
,all,2.0,"(0, 0, 0)",inference_30000,_niftynet_out,30000.0,"(32, 32, 32)",4.0,"(0, 1)",False,True,net_segment,(),(),0.0,(),"('T1', 'T2')",True,1.0,0.0,"('parcellation',)",True,foreground,None,,"('A', 'R', 'S')",None,(),0.0,"(1.0, 1.0, 1.0)","(32, 32, 32)",,/nas/longleaf/home/siyangj/myNIRAL/10210050.ini,None,,"('A', 'R', 'S')",None,(),3.0,"(1.0, 1.0, 1.0)","(32, 32, 32)",,None,,"('A', 'R', 'S')",None,(),3.0,"(1.0, 1.0, 1.0)","(32, 32, 32)",,4.0,"('model_saver', 'model_restorer', 'sampler_threading', 'apply_gradients', 'output_interpreter', 'console_logger', 'tensorboard_logger')",data_split,SimpleITK,/proj/NIRAL/users/siyangj/model_10210050,"""""",training,4.0,iteration_generator,0.8,otsu_plus,"(0, 0, 0)",L2,32.0,5e-05,relu,hist_ref.txt,minimum,"(0.01, 0.99)",True,and,2.0,he_normal,uniform,my_nets.my_unet.my_UNet3D,True,zeros,True,percentile,4.0,20.0,CrossEntropy,10000.0,40000.0,0.8,True,0.1,300.0,"(-5.0, 5.0)",50000.0,100.0,(),1.0,"(0, 1, 2)",0.0002,adam,12.0,0.1,(),(),20.0,"(-10.0, 10.0)","Dice,Jaccard,hausdorff95_distance",eval_30000,min_normal,4.0,1.0
,all,2.0,"(0, 0, 0)",inference_30000,_niftynet_out,30000.0,"(32, 32, 32)",4.0,"(0, 1)",False,True,net_segment,(),(),0.0,(),"('T1', 'T2')",True,1.0,0.0,"('parcellation',)",True,foreground,None,,"('A', 'R', 'S')",None,(),0.0,"(1.0, 1.0, 1.0)","(32, 32, 32)",,/nas/longleaf/home/siyangj/myNIRAL/10210052.ini,None,,"('A', 'R', 'S')",None,(),3.0,"(1.0, 1.0, 1.0)","(32, 32, 32)",,None,,"('A', 'R', 'S')",None,(),3.0,"(1.0, 1.0, 1.0)","(32, 32, 32)",,2.0,"('model_saver', 'model_restorer', 'sampler_threading', 'apply_gradients', 'output_interpreter', 'console_logger', 'tensorboard_logger')",data_split,SimpleITK,/proj/NIRAL/users/siyangj/model_10210052,"""""",training,2.0,iteration_generator,0.8,otsu_plus,"(0, 0, 0)",L2,32.0,5e-05,relu,hist_ref.txt,minimum,"(0.01, 0.99)",True,and,2.0,he_normal,uniform,my_nets.my_unet.my_UNet3D,True,zeros,True,percentile,4.0,20.0,CrossEntropy,10000.0,40000.0,0.8,True,0.1,300.0,"(-5.0, 5.0)",50000.0,100.0,(),1.0,"(0, 1, 2)",0.0001,adam,12.0,0.1,(),(),20.0,"(-10.0, 10.0)","Dice,Jaccard,hausdorff95_distance",eval_30000,min_normal,3.0,1.0
,all,2.0,"(0, 0, 0)",inference_30000,_niftynet_out,30000.0,"(32, 32, 32)",4.0,"(0, 1)",False,True,net_segment,(),(),0.0,(),"('T1', 'T2')",True,1.0,0.0,"('parcellation',)",True,foreground,None,,"('A', 'R', 'S')",None,(),0.0,"(1.0, 1.0, 1.0)","(32, 32, 32)",,/nas/longleaf/home/siyangj/myNIRAL/10210054.ini,None,,"('A', 'R', 'S')",None,(),3.0,"(1.0, 1.0, 1.0)","(32, 32, 32)",,None,,"('A', 'R', 'S')",None,(),3.0,"(1.0, 1.0, 1.0)","(32, 32, 32)",,2.0,"('model_saver', 'model_restorer', 'sampler_threading', 'apply_gradients', 'output_interpreter', 'console_logger', 'tensorboard_logger')",data_split,SimpleITK,/proj/NIRAL/users/siyangj/model_10210054,"""""",training,2.0,iteration_generator,0.8,otsu_plus,"(0, 0, 0)",L2,32.0,5e-05,relu,hist_ref.txt,minimum,"(0.01, 0.99)",True,and,2.0,he_normal,uniform,my_nets.my_unet.my_UNet3D,True,zeros,True,percentile,4.0,20.0,CrossEntropy,10000.0,40000.0,0.8,True,0.1,300.0,"(-5.0, 5.0)",50000.0,100.0,(),1.0,"(0, 1, 2)",0.0001,adam,8.0,0.1,(),(),20.0,"(-10.0, 10.0)","Dice,Jaccard,hausdorff95_distance",eval_30000,min_normal,3.0,1.0
,all,2.0,"(0, 0, 0)",inference_20000,_niftynet_out,20000.0,"(32, 32, 32)",4.0,"(0, 1)",False,True,net_segment,(),(),0.0,(),"('T1', 'T2')",True,1.0,0.0,"('parcellation',)",True,foreground,None,,"('A', 'R', 'S')",None,(),0.0,"(1.0, 1.0, 1.0)","(32, 32, 32)",,/nas/longleaf/home/siyangj/myNIRAL/10210130.ini,None,,"('A', 'R', 'S')",None,(),3.0,"(1.0, 1.0, 1.0)","(32, 32, 32)",,None,,"('A', 'R', 'S')",None,(),3.0,"(1.0, 1.0, 1.0)","(32, 32, 32)",,4.0,"('model_saver', 'model_restorer', 'sampler_threading', 'apply_gradients', 'output_interpreter', 'console_logger', 'tensorboard_logger')",data_split,SimpleITK,/proj/NIRAL/users/siyangj/model_10210130,"""""",training,4.0,iteration_generator,0.8,otsu_plus,"(0, 0, 0)",L2,32.0,5e-05,relu,hist_ref.txt,minimum,"(0.01, 0.99)",True,and,2.0,he_normal,uniform,my_nets.my_unet_layer_2.my_unet_layer_2,True,zeros,True,percentile,4.0,20.0,CrossEntropy,10000.0,30000.0,0.8,True,0.1,300.0,"(-5.0, 5.0)",45000.0,100.0,(),1.0,"(0, 1, 2)",0.0001,adam,12.0,0.1,(),(),20.0,"(-10.0, 10.0)","Dice,Jaccard,hausdorff95_distance",eval_20000,min_normal,4.0,1.0
,all,2.0,"(0, 0, 0)",inference_25000,_niftynet_out,25000.0,"(32, 32, 32)",4.0,"(0, 1)",False,True,net_segment,(),(),0.0,(),"('T1', 'T2')",True,1.0,0.0,"('parcellation',)",True,foreground,None,,"('A', 'R', 'S')",None,(),0.0,"(1.0, 1.0, 1.0)","(32, 32, 32)",,/nas/longleaf/home/siyangj/myNIRAL/10210132.ini,None,,"('A', 'R', 'S')",None,(),3.0,"(1.0, 1.0, 1.0)","(32, 32, 32)",,None,,"('A', 'R', 'S')",None,(),3.0,"(1.0, 1.0, 1.0)","(32, 32, 32)",,4.0,"('model_saver', 'model_restorer', 'sampler_threading', 'apply_gradients', 'output_interpreter', 'console_logger', 'tensorboard_logger')",data_split,SimpleITK,/proj/NIRAL/users/siyangj/model_10210132,"""""",training,4.0,iteration_generator,0.8,otsu_plus,"(0, 0, 0)",L2,32.0,5e-05,relu,hist_ref.txt,minimum,"(0.01, 0.99)",True,and,2.0,he_normal,uniform,my_nets.my_unet_layer_2.my_unet_layer_2,True,zeros,True,percentile,4.0,20.0,CrossEntropy,10000.0,35000.0,0.8,True,0.1,300.0,"(-5.0, 5.0)",45000.0,100.0,(),1.0,"(0, 1, 2)",0.0001,adam,10.0,0.1,(),(),20.0,"(-10.0, 10.0)","Dice,Jaccard,hausdorff95_distance",eval_25000,min_normal,3.0,1.0
,all,2.0,"(0, 0, 0)",inference_22000,_niftynet_out,22000.0,"(32, 32, 32)",4.0,"(0, 1)",False,True,net_segment,(),(),0.0,(),"('T1', 'T2')",True,1.0,0.0,"('parcellation',)",True,foreground,None,,"('A', 'R', 'S')",None,(),0.0,"(1.0, 1.0, 1.0)","(32, 32, 32)",,/nas/longleaf/home/siyangj/myNIRAL/10210134.ini,None,,"('A', 'R', 'S')",None,(),3.0,"(1.0, 1.0, 1.0)","(32, 32, 32)",,None,,"('A', 'R', 'S')",None,(),3.0,"(1.0, 1.0, 1.0)","(32, 32, 32)",,4.0,"('model_saver', 'model_restorer', 'sampler_threading', 'apply_gradients', 'output_interpreter', 'console_logger', 'tensorboard_logger')",data_split,SimpleITK,/proj/NIRAL/users/siyangj/model_10210134,"""""",training,4.0,iteration_generator,0.8,otsu_plus,"(0, 0, 0)",L2,32.0,5e-05,relu,hist_ref.txt,minimum,"(0.01, 0.99)",True,and,2.0,he_normal,uniform,my_nets.my_unet_layer_2.my_unet_layer_2,True,zeros,True,percentile,4.0,20.0,CrossEntropy,10000.0,32000.0,0.8,True,0.1,300.0,"(-5.0, 5.0)",42000.0,100.0,(),1.0,"(0, 1, 2)",5e-05,adam,8.0,0.1,(),(),20.0,"(-10.0, 10.0)","Dice,Jaccard,hausdorff95_distance",eval_22000,min_normal,3.0,1.0
,all,2.0,"(0, 0, 0)",inference_19600,_niftynet_out,19600.0,"(64, 64, 64)",4.0,"(0, 1)",False,True,net_segment,(),(),0.0,(),"('T1', 'T2')",True,1.0,0.0,"('parcellation',)",True,foreground,None,,"('A', 'R', 'S')",None,(),0.0,"(1.0, 1.0, 1.0)","(64, 64, 64)",,/nas/longleaf/home/siyangj/myNIRAL/10202106.ini,None,,"('A', 'R', 'S')",None,(),3.0,"(1.0, 1.0, 1.0)","(64, 64, 64)",,None,,"('A', 'R', 'S')",None,(),3.0,"(1.0, 1.0, 1.0)","(64, 64, 64)",,2.0,"('model_saver', 'model_restorer', 'sampler_threading', 'apply_gradients', 'output_interpreter', 'console_logger', 'tensorboard_logger')",data_split,SimpleITK,/proj/NIRAL/users/siyangj/model_10202106,"""""",training,2.0,iteration_generator,0.8,otsu_plus,"(0, 0, 0)",L2,32.0,5e-05,relu,hist_ref.txt,minimum,"(0.01, 0.99)",True,and,2.0,he_normal,uniform,my_nets.my_unet.my_UNet3D,True,zeros,True,percentile,4.0,20.0,CrossEntropy,10000.0,0.0,0.8,True,0.1,300.0,"(-5.0, 5.0)",10000.0,100.0,(),1.0,"(0, 1, 2)",0.01,adam,8.0,0.1,(),(),20.0,"(-10.0, 10.0)","Dice,Jaccard,hausdorff95_distance",eval_19600,min_normal,5.0,1.0
,all,2.0,"(0, 0, 0)",inference_30000,_niftynet_out,30000.0,"(32, 32, 32)",4.0,"(0, 1)",False,True,net_segment,(),(),0.0,(),"('T1', 'T2')",True,1.0,0.0,"('parcellation',)",True,foreground,None,,"('A', 'R', 'S')",None,(),0.0,"(1.0, 1.0, 1.0)","(32, 32, 32)",,/nas/longleaf/home/siyangj/myNIRAL/10210056.ini,None,,"('A', 'R', 'S')",None,(),3.0,"(1.0, 1.0, 1.0)","(32, 32, 32)",,None,,"('A', 'R', 'S')",None,(),3.0,"(1.0, 1.0, 1.0)","(32, 32, 32)",,2.0,"('model_saver', 'model_restorer', 'sampler_threading', 'apply_gradients', 'output_interpreter', 'console_logger', 'tensorboard_logger')",data_split,SimpleITK,/proj/NIRAL/users/siyangj/model_10210056,"""""",training,2.0,iteration_generator,0.8,otsu_plus,"(0, 0, 0)",L2,32.0,5e-05,relu,hist_ref.txt,minimum,"(0.01, 0.99)",True,and,2.0,he_normal,uniform,my_nets.my_unet.my_UNet3D,True,zeros,True,percentile,4.0,20.0,CrossEntropy,10000.0,0.0,0.8,True,0.1,300.0,"(-5.0, 5.0)",10000.0,100.0,(),1.0,"(0, 1, 2)",0.01,adam,8.0,0.1,(),(),20.0,"(-10.0, 10.0)","Dice,Jaccard,hausdorff95_distance",eval_30000,min_normal,5.0,1.0
,all,2,"(0, 0, 0)",inference_25000,_niftynet_out,25000,"(32, 32, 32)",4,"(0, 1)",False,True,net_segment,(),(),0,(),"('T1', 'T2')",True,1,0,"('parcellation',)",True,foreground,None,,"('A', 'R', 'S')",None,(),0,"(1.0, 1.0, 1.0)","(32, 32, 32)",,/nas/longleaf/home/siyangj/myNIRAL/10210136.ini,None,,"('A', 'R', 'S')",None,(),3,"(1.0, 1.0, 1.0)","(32, 32, 32)",,None,,"('A', 'R', 'S')",None,(),3,"(1.0, 1.0, 1.0)","(32, 32, 32)",,2,"('model_saver', 'model_restorer', 'sampler_threading', 'apply_gradients', 'output_interpreter', 'console_logger', 'tensorboard_logger')",data_split,SimpleITK,/proj/NIRAL/users/siyangj/model_10210136,"""""",training,2,iteration_generator,0.8,otsu_plus,"(0, 0, 0)",L2,32,5e-05,relu,hist_ref.txt,minimum,"(0.01, 0.99)",True,and,2,he_normal,uniform,my_nets.my_unet_layer_2.my_unet_layer_2,True,zeros,True,percentile,4.0,20,CrossEntropy,10000,0,0.8,True,0.1,300,"(-5.0, 5.0)",10000,100,(),1,"(0, 1, 2)",0.01,adam,10,0.1,(),(),20,"(-10.0, 10.0)","Dice,Jaccard,hausdorff95_distance",eval_25000,min_normal,5,1
